GPSWeek [weeks];GPSSecondsOfWeek [s];Longitude (GT Lon) [deg];Longitude Cov (GT Lon Cov) [deg];Latitude (GT Lat) [deg];Latitude Cov (GT Lat Cov) [deg];Height above ellipsoid (GT Height) [m];Height above ellipsoid Cov (GT Height Cov) [m];Heading (0° = East, counterclockwise) - (GT Heading) [rad];Heading Cov (0° = East, counterclockwise) - (GT Heading Cov) [rad];Acceleration (GT Acceleration) [ms^2];Acceleration Cov (GT Acceleration Cov) [ms^2];Velocity (GT Velocity) [m/s];Velocity Cov (GT Velocity Cov) [m/s];Yaw-Rate (GT Yaw-rate) [rad/s];Yaw-Rate Cov (GT Yaw-rate Cov) [rad/s];GPS time of week of the navigation epoch (iTOW) [ms];Longitude (lon) [deg];Latitude (lat) [deg];Height above ellipsoid (height) [m];Height above mean sea level (hMSL) [m];Horizontal accuracy estimate (hAcc) [m];Vertical accuracy estimate (vAcc) [m]
1900;126641.5;13.3736577630426;7.85693086048003E-06;52.5045602752174;4.88946372764368E-05;76.0046109798254;6.29186927138201E-06;1.24865485755166;1.24599650497499E-07;0.915310811795914;0.00557614960821566;5.707052048892;0.00023769400115925;0.00280054172393487;1.2230798834864E-06;126641500;13.3736776;52.504575;80.242;38.043;0.547;-1
1900;126641.7;13.3736628009993;8.57050512511901E-06;52.5045700976571;4.94065645841247E-324;76.0109672205344;6.4952128250106E-06;1.24846909529501;1.21995272738642E-07;0.804239438432334;0.00558096703223344;5.87938031873914;0.000239314882696982;-0.00735458898810274;1.22240492514937E-06;126641700;13.3736829;52.5045848;80.234;38.035;0.547;-1
1900;126642;13.3736706617713;9.69802511961275E-06;52.5045853289686;5.71539774180062E-05;76.0209360020511;6.82955072790113E-06;1.24381734026251;1.18611077620386E-07;0.64500415482792;0.00557126994848988;6.09562838848489;0.000237682000888109;-0.0183505147256641;1.22168017370992E-06;126642000;13.3736918;52.5045997;80.236;38.037;0.549;-1
1900;126642.2;13.373676132723;1.02943955712383E-05;52.5045954620629;1.66223041079229E-06;76.0278292255409;7.07135196276936E-06;1.24040334838888;1.16682787954096E-07;0.566129389387021;0.00552737472708772;6.21640091507761;0.000236725804002933;-0.0160516589595097;1.22127579137768E-06;126642200;13.3736973;52.5046099;80.233;38.034;0.552;-1
1900;126642.4;13.3736817586727;1.09891870496911E-05;52.5046061251538;2.52104107582652E-05;76.0348676302975;7.3265283226027E-06;1.23670583209953;1.14915582280594E-07;0.509139955456349;0.00556613275009508;6.32282388411961;0.000234526549611101;-0.0222871898354073;1.22097200860929E-06;126642400;13.373703;52.5046203;80.218;38.02;0.556;-1
1900;126642.6;13.3736875504343;1.16157598012979E-05;52.504616756246;4.55729796334926E-06;76.0419919712461;7.59699162232605E-06;1.23316616191412;1.13373545510885E-07;0.498470109058441;0.00555551158329739;6.42293482804231;0.000232686173998116;-0.0164818073588065;1.2207393209942E-06;126642600;13.3737093;52.5046309;80.199;38;0.559;-1
1900;126642.8;13.3736934887379;1.22190169879032E-05;52.5046276917454;4.94065645841247E-324;76.0491300258312;7.8871635629339E-06;1.2307154672882;1.12007471237025E-07;0.485954884376657;0.00554780382719297;6.52237692748283;0.000234062733656968;-0.00832124991149247;1.22054793605875E-06;126642800;13.3737162;52.5046417;80.135;37.936;0.563;-1
1900;126643;13.3736995434892;1.26516883029011E-05;52.504638809136;4.94065645841247E-324;76.0561968354601;8.20184728776499E-06;1.22943030924528;1.10802721507517E-07;0.453358160755746;0.00559799660842263;6.61582827292504;0.000239504472985603;-0.00832959296067944;1.2204200658068E-06;126643000;13.3737239;52.5046524;80.101;37.902;0.567;-1
1900;126643.3;13.3737088437291;1.37557038525011E-05;52.5046555438907;1.26553759614453E-05;76.0664505109759;8.72698358811376E-06;1.2275143338736;1.09338262062423E-07;0.351209609597012;0.00556534305606593;6.73882448449894;0.000246383857765478;-0.00455393103703608;1.22030732433382E-06;126643300;13.3737346;52.5046689;80.078;37.879;0.575;-1
1900;126643.5;13.3737151246925;1.45600350272152E-05;52.5046671395952;2.51888675792131E-05;76.0729016138532;9.11958275962422E-06;1.22800432453952;1.08564919715705E-07;0.224119889511556;0.00567385865515142;6.79668576204671;0.000246867102975532;0.00453413189613199;1.2202901538661E-06;126643500;13.3737405;52.5046805;80.077;37.878;0.581;-1
1900;126643.7;13.3737214358743;1.51792878270559E-05;52.5046785937765;2.3621551795323E-05;76.078924455192;9.55697402549809E-06;1.2285199872872;1.07968471632575E-07;0.0980768211682601;0.00564493505333673;6.82893325021445;0.000248691207327584;0.00105043749325952;1.2202915380405E-06;126643700;13.3737467;52.5046918;80.139;37.94;0.586;-1
1900;126643.9;13.3737277586603;1.58361946601426E-05;52.5046901160305;2.78041041876173E-05;76.0844261364783;1.00503639928229E-05;1.22890117895009;1.07470008156949E-07;-0.00308737245625265;0.00558460026216058;6.83779090316799;0.00024980729045307;0.00121460334364846;1.22026709086363E-06;126643900;13.3737528;52.5047037;80.09;37.892;0.591;-1
1900;126644.1;13.3737340821884;1.63990060300329E-05;52.5047016599661;5.67972582301725E-06;76.0893321044809;1.06092346143521E-05;1.22928190081847;1.07097729393679E-07;-0.0686581312925;0.00568832073084264;6.82988813645619;0.000249198715819916;0.000797504690396128;1.22031091005518E-06;126644100;13.3737585;52.5047153;80.075;37.876;0.595;-1
1900;126644.3;13.3737403713156;1.67571104002988E-05;52.5047132449065;2.33711415770936E-05;76.0935999485069;1.12392801904613E-05;1.22948938334381;1.06920227952263E-07;-0.0794549604813369;0.00573254748299526;6.81429530000675;0.000252234359083507;0.003391951258317;1.22037371895143E-06;126644300;13.3737644;52.5047268;80.07;37.872;0.599;-1
1900;126644.5;13.373746645007;1.71140882774149E-05;52.5047247480319;9.21573915751841E-05;76.0972249339384;1.19449593252329E-05;1.23011810047992;1.06879283783741E-07;-0.0480750022938305;0.00572551728023883;6.80062917955931;0.000253146800235601;0.00158095577457418;1.22043870319179E-06;126644500;13.3737706;52.504738;80.092;37.894;0.601;-1
1900;126644.7;13.373752898728;1.71338988811884E-05;52.5047361529744;3.7262069157821E-05;76.1002449768592;1.27286958349935E-05;1.23059109523251;1.06999587257352E-07;0.0109930385431858;0.00569830860294768;6.79682805164755;0.000255980463566617;0.00280453747948105;1.22053630882615E-06;126644700;13.3737765;52.5047494;80.025;37.827;0.605;-1
1900;126644.9;13.3737591412105;1.71431741436063E-05;52.5047475566594;4.58204772626707E-05;76.1027452284862;1.35868076722415E-05;1.23136485232139;1.07275173009567E-07;0.0585137552372593;0.0057022396894212;6.80422156685088;0.000258224104004854;0.0045477352055168;1.2206700711059E-06;126644900;13.3737816;52.5047609;80.023;37.825;0.61;-1
1900;126645.2;13.3737685176379;1.71069422124945E-05;52.5047648064882;7.50812001231496E-06;76.1058316708043;1.49791999993483E-05;1.23232603867803;1.08009414452284E-07;0.105841477304355;0.00565849298496883;6.83005967960627;0.0002566425838713;0.00438830450551467;1.22091255728575E-06;126645200;13.3737906;52.504778;80.043;37.844;0.621;-1
1900;126645.5;13.3737779365113;1.76288649837639E-05;52.5047820348185;2.31461195322994E-05;76.1086714097539;1.64230201914939E-05;1.23354471663401;1.0923641144239E-07;0.109015863715548;0.00559231606791315;6.86301875409399;0.000251751623813064;0.00515807337870936;1.22125718726161E-06;126645500;13.373799;52.5047955;80.015;37.817;0.627;-1
1900;126645.7;13.3737841972023;1.79916006456561E-05;52.5047936033081;2.03983395384652E-05;76.1107112326112;1.73820061263879E-05;1.23419086308105;1.10387547594864E-07;0.0964792689367493;0.00566739722213741;6.88396768441032;0.000245862414895308;0.00424592289707322;1.22153374130806E-06;126645700;13.3738052;52.504807;80.019;37.82;0.629;-1
1900;126645.9;13.3737904571745;1.78846115613861E-05;52.5048051735389;3.24910034956276E-05;76.1130436531502;1.83285204772152E-05;1.23459831188758;1.11835252805172E-07;0.0740430406255747;0.00563772054528635;6.90151398386658;0.000245224332962041;0.0013174708015443;1.22185156199978E-06;126645900;13.3738099;52.5048193;79.972;37.773;0.631;-1
1900;126646.1;13.37379677885;1.7958002717963E-05;52.5048167753724;9.94857149278329E-06;76.1158061363071;1.9264281818689E-05;1.23463429070027;1.1364291049331E-07;0.0291040415912149;0.00563543994206776;6.91223809223287;0.00024901064860104;-0.000405002547457628;1.22224927033754E-06;126646100;13.3738148;52.5048311;79.944;37.745;0.632;-1
1900;126646.4;13.3738062106095;1.84634160545243E-05;52.504834269939;4.94065645841247E-324;76.1210162419816;2.0668130397917E-05;1.23359455761332;1.17033795193342E-07;-0.0529409129330913;0.00561762876105494;6.9079807008497;0.000255079048967785;-0.00792419608959956;1.22282325801971E-06;126646400;13.3738237;52.5048485;79.9;37.702;0.636;-1
1900;126646.6;13.3738125116698;1.86946436958769E-05;52.5048460552582;1.00760426750576E-05;76.1253414682018;2.1617224669529E-05;1.23163638014669;1.19772161680203E-07;-0.125470796410635;0.00565258626730157;6.88981586682307;0.000259199624311779;-0.00772490529288569;1.22330090655944E-06;126646600;13.3738304;52.5048596;79.94;37.742;0.641;-1
1900;126646.8;13.3738188266774;1.91496123629613E-05;52.5048576025873;4.94065645841247E-324;76.1304297459869;2.25775146218352E-05;1.2300499951441;1.229427406601E-07;-0.204142069294934;0.00562772317459844;6.85687439745587;0.000258841099644886;-0.00811805298790496;1.22381242708594E-06;126646800;13.3738366;52.5048714;79.893;37.695;0.644;-1
1900;126647;13.3738251423066;1.92571281199171E-05;52.5048692719246;4.94065645841247E-324;76.1363104471554;2.35378326466518E-05;1.22848457639901;1.266295551069E-07;-0.286959630469289;0.00566122786605737;6.80792305710742;0.000254589051137663;-0.00998611809140095;1.22438830665245E-06;126647000;13.3738424;52.5048833;79.852;37.654;0.648;-1
1900;126647.2;13.3738314328333;1.96974958563235E-05;52.5048807993406;5.30717544965758E-05;76.1429789187767;2.44763791363385E-05;1.22695740893366;1.30898482384483E-07;-0.369136463520266;0.0057535965528719;6.74210657529405;0.000253326041830061;-0.00871040744525689;1.22502202593978E-06;126647200;13.373849;52.5048944;79.861;37.663;0.652;-1
1900;126647.5;13.3738407957279;2.01627364795939E-05;52.5048977750836;5.0005663022326E-05;76.1543813856557;2.57801172422543E-05;1.22467410063762;1.38473062648943E-07;-0.470054841521339;0.00571592711117055;6.61655960212215;0.000258076104485479;-0.0074249079179796;1.2260714573168E-06;126647500;13.3738586;52.5049111;79.868;37.67;0.661;-1
1900;126647.7;13.3738469689852;2.04588797398088E-05;52.50490884565;4.64240783976066E-05;76.1628496081549;2.65373441524113E-05;1.22253107080659;1.44407355540769E-07;-0.509384185609961;0.00570358722401063;6.51790388970003;0.000259244875634325;-0.0123265435359484;1.22678336475448E-06;126647700;13.3738639;52.5049225;79.841;37.643;0.663;-1
1900;126647.9;13.3738530975499;2.13160765876991E-05;52.5049196677475;5.9458711126244E-05;76.1719507010227;2.71755967379587E-05;1.2189137231705;1.51072270258649E-07;-0.516620146619964;0.00563713129397653;6.41473944182185;0.000259591243917053;-0.0213155307422699;1.22756429713458E-06;126647900;13.3738698;52.5049334;79.827;37.629;0.666;-1
1900;126648.1;13.3738592001618;2.23091682878131E-05;52.5049302830563;5.90566476849454E-05;76.1816271639867;2.76764990792609E-05;1.2144455464537;1.5855232522635E-07;-0.483538369178669;0.00560445083959968;6.31406217230064;0.000253376338605212;-0.0217631041952885;1.22836138215601E-06;126648100;13.3738754;52.5049445;79.777;37.579;0.671;-1
1900;126648.4;13.3738683169811;2.4205949757348E-05;52.504945872366;1.91313555692177E-05;76.1970819472132;2.81514908880286E-05;1.20811243962116;1.71478680659627E-07;-0.42237630014847;0.00577703006666969;6.1791512290007;0.000248372163979221;-0.0157690469355881;1.22970336692582E-06;126648400;13.3738839;52.5049603;79.76;37.562;0.681;-1
1900;126648.6;13.3738743732127;2.55590507600741E-05;52.5049560367127;6.53383377316123E-05;76.2079106504026;2.82888841435678E-05;1.20573931469543;1.81329717996122E-07;-0.431487020410053;0.00566533867410939;6.09545112558082;0.000256341884348359;-0.00634185559451057;1.23061751691153E-06;126648600;13.3738882;52.5049717;79.609;37.411;0.681;-1
1900;126648.8;13.3738803847617;2.74056609086169E-05;52.5049660050096;5.84965219417913E-06;76.219069914171;2.83031236470176E-05;1.20671186125288;1.92193673465181E-07;-0.500673886013257;0.00573303082584446;6.00225555885246;0.000257313878312037;0.0173535553960878;1.23155058073807E-06;126648800;13.3738946;52.5049816;79.64;37.442;0.681;-1
1900;126649;13.373886206003;2.91163494573109E-05;52.5049759209579;2.01417596249589E-05;76.2304736028401;2.82265397066402E-05;1.21513478959115;2.04199678146786E-07;-0.589140301266763;0.0058348419198991;5.89412795174169;0.000260478122289845;0.0668342538406633;1.23243659308903E-06;126649000;13.3738998;52.5049919;79.619;37.421;0.681;-1
1900;126649.2;13.3738916993563;3.1141006907793E-05;52.5049856630668;6.84864762965565E-05;76.2420319120263;2.8104011649504E-05;1.23477248100327;2.17298125330118E-07;-0.718257590210296;0.00580180909385036;5.76357381513298;0.000266875106382818;0.125109785357398;1.23331191379279E-06;126649200;13.3739051;52.5050019;79.6;37.402;0.681;-1
1900;126649.4;13.373896617961;3.3330304870751E-05;52.5049952604839;6.09129471627932E-05;76.2536634068492;2.79844627626805E-05;1.26723610748774;2.31497212644489E-07;-0.81973794904969;0.00573532811575472;5.60884352894362;0.000272739098376207;0.194086591051281;1.23416847203863E-06;126649400;13.3739107;52.5050114;79.626;37.427;0.681;-1
1900;126649.6;13.3739007791301;3.56256306707252E-05;52.5050046731972;2.16636470458336E-05;76.2653052515937;2.79090182009891E-05;1.31506407764635;2.469074634245E-07;-0.863040425465128;0.00583182365507611;5.43920828973449;0.000276332391948136;0.277250909718366;1.23497801914343E-06;126649600;13.3739161;52.5050201;79.727;37.529;0.681;-1
1900;126649.8;13.3739039706244;3.80198712753723E-05;52.5050138480926;4.21997642538061E-05;76.276911951564;2.79083407547034E-05;1.37740281690054;2.63546686822843E-07;-0.824677293309007;0.00583398732156692;5.26889857841025;0.000278719697931616;0.333332768766915;1.23587095149465E-06;126649800;13.373921;52.5050287;79.755;37.557;0.684;-1
1900;126650;13.3739060457829;4.04772787460935E-05;52.5050227712196;5.58177641882594E-05;76.2884518004756;2.80021865688107E-05;1.45043313286175;2.81521671873051E-07;-0.709940745641739;0.00585112175566291;5.11437457505599;0.000278749595442183;0.391192606233244;1.23673775289237E-06;126650000;13.3739239;52.5050379;79.646;37.448;0.686;-1
1900;126650.2;13.3739069160501;4.3186489445962E-05;52.5050316146448;9.56588633366727E-05;76.2999050907981;2.81997869199945E-05;1.53180757904386;3.00847237806386E-07;-0.578835526739246;0.00586847532447164;4.9854014194269;0.000278593726627894;0.416061607609708;1.23754941636104E-06;126650200;13.3739239;52.5050466;79.695;37.496;0.689;-1
1900;126650.4;13.3739065358481;4.63422369917695E-05;52.5050403013115;8.96601098148851E-05;76.3112608358467;2.85029478260326E-05;1.61714244979239;3.21546853187013E-07;-0.457046123828896;0.00586601631230619;4.88212921593165;0.00027943144191902;0.430159100133965;1.23831468861894E-06;126650400;13.3739242;52.5050547;79.717;37.519;0.692;-1
1900;126650.6;13.3739049247688;5.0101323834878E-05;52.5050487857903;8.97884516805484E-05;76.3225143764951;2.8910008114394E-05;1.70609910756714;3.43623091853032E-07;-0.364666962206266;0.00585235244674783;4.80075317930167;0.000280121610496124;0.463549370076565;1.23904634624905E-06;126650600;13.3739243;52.5050643;79.457;37.259;0.694;-1
1900;126650.8;13.3739020796207;5.48609775199514E-05;52.505056907941;6.02355293448736E-05;76.3336662078352;2.94166922787828E-05;1.80264985257743;3.67097142017056E-07;-0.308714417744923;0.00585897977707425;4.73400118840227;0.000278648234627095;0.490357289059374;1.23972614346071E-06;126650800;13.3739226;52.5050732;79.381;37.183;0.697;-1
1900;126651;13.3738979477333;6.03296429459307E-05;52.5050647740822;4.9701132889182E-05;76.3447212032871;3.00161925017702E-05;1.90135250959325;3.91930831413483E-07;-0.289853082449477;0.0058694672545005;4.67457866864444;0.0002766148539386;0.498044013911072;1.24034406826193E-06;126651000;13.3739185;52.5050815;79.327;37.129;0.7;-1
1900;126651.2;13.3738925985767;6.64545717260573E-05;52.5050722711423;7.1436519975078E-05;76.3556878160112;3.06991411483959E-05;2.00330494011436;4.1808682962809E-07;-0.292071713737554;0.00587320619916791;4.61676048316416;0.000273737205090144;0.520152332336508;1.24092704246965E-06;126651200;13.3739143;52.5050895;79.26;37.061;0.703;-1
1900;126651.4;13.3738860360514;7.30871661719924E-05;52.5050793536837;8.07588904438781E-05;76.3665752877797;3.14553772197211E-05;2.10776961818932;4.45601569826657E-07;-0.314570049452507;0.005872551259607;4.55647617420171;0.000271343467377753;0.523432911091229;1.24149939562729E-06;126651400;13.3739083;52.5050969;79.194;36.996;0.709;-1
1900;126651.6;13.3738783848239;7.98910698153326E-05;52.5050859038272;9.19925448451644E-05;76.3773928509242;3.22763090927935E-05;2.21217351654595;4.74441363307311E-07;-0.362544244732926;0.00586436508938791;4.48917443015772;0.000269981211715466;0.517633734942403;1.24202055595494E-06;126651600;13.3739024;52.5051065;78.843;36.645;0.711;-1
1900;126651.9;13.3738652031713;9.11884777482587E-05;52.5050944819885;3.48219884360367E-05;76.3935029266556;3.36134010177347E-05;2.36229216700947;5.20129477947439E-07;-0.42648431043879;0.00582091856949808;4.36967566149548;0.000270549905058628;0.472915482319314;1.24273057647922E-06;126651900;13.3738891;52.5051172;78.555;36.357;0.718;-1
1900;126652.1;13.3738555423093;9.91124762004481E-05;52.5050994905493;2.32320352143412E-06;76.4041676196196;3.456547000601E-05;2.45540660763908;5.52111101407706E-07;-0.42205336305794;0.00583528365122963;4.28403822683019;0.000270074247333179;0.447216029896917;1.24312908036965E-06;126652100;13.3738796;52.5051265;77.965;35.766;0.719;-1
1900;126652.3;13.3738453709147;0.000107503671292807;52.5051037871564;7.19359913722666E-06;76.4147647744316;3.55580469860338E-05;2.54117759821619;5.85281900962604E-07;-0.37072711510823;0.00585894888322966;4.20384069955879;0.000269632293181001;0.411924346135374;1.24353671843354E-06;126652300;13.37387;52.5051342;77.527;35.329;0.721;-1
1900;126652.5;13.3738348223934;0.000116257036161087;52.5051075355664;2.50519722578548E-05;76.4252787040404;3.65858747203969E-05;2.61227513435344;6.19612352111181E-07;-0.245628951656087;0.00586294448066076;4.14081102715758;0.000269633818403293;0.297779188079111;1.24389426871295E-06;126652500;13.3738595;52.5051407;77.169;34.971;0.721;-1
1900;126652.7;13.373824057969;0.000124624322136222;52.5051107563412;2.65252104910979E-05;76.4356828732663;3.764572200106E-05;2.66323309449427;6.55048694727933E-07;-0.0694820362139823;0.00588836180548107;4.10886232192833;0.000270071517324664;0.219496174676209;1.24431160477676E-06;126652700;13.3738488;52.5051429;77.426;35.228;0.721;-1
1900;126653;13.373807522967;0.000136689931375784;52.5051152726145;4.73634163064884E-05;76.451006162206;3.92909336572537E-05;2.71445314536827;7.10220389432248E-07;0.209483384583588;0.00588510600259958;4.12939408455366;0.000272192218405088;0.138236344752625;1.24466760107525E-06;126653000;13.3738313;52.505148;77.301;35.103;0.724;-1
1900;126653.2;13.3737962096027;0.000144680928519936;52.5051180286459;1.06431136327526E-05;76.4609752427105;4.04215127803872E-05;2.73856098404224;7.48157763391799E-07;0.379088896317223;0.00588976777605012;4.18917966748388;0.000273496976276786;0.0961334777707226;1.24489318621535E-06;126653200;13.3738201;52.50515;77.44;35.242;0.723;-1
1900;126653.5;13.373778667064;0.000156791659757011;52.5051220640513;4.09530626157878E-06;76.4754583880778;4.21633499721386E-05;2.75917574828177;8.06758427436749E-07;0.482603455609096;0.00589064885205428;4.32425233582953;0.000276060901893754;0.0439637441242121;1.24525528288186E-06;126653500;13.3738014;52.505154;77.341;35.142;0.724;-1
1900;126653.7;13.3737665900706;0.00016509051142951;52.5051248110754;3.03953801263233E-05;76.4847472177351;4.33550684245567E-05;2.76518494642156;8.46991934813781E-07;0.419967446520605;0.00590271058354395;4.41601883627763;0.000277708164569981;0.0179909035348766;1.2457108226522E-06;126653700;13.3737904;52.5051562;77.465;35.267;0.723;-1
1900;126654;13.3737480296493;0.000178685685291787;52.5051288765252;0.000138469531937106;76.4980643890502;4.5190252891574E-05;2.76912174165611;9.09087585228568E-07;0.219055628982649;0.00590661915227477;4.51344111655673;0.000280047232777371;0.0163713606637684;1.2458591362986E-06;126654000;13.3737732;52.50516;77.431;35.233;0.724;-1
1900;126654.2;13.3737354769148;0.000188501980007439;52.5051315990987;0.000162494434033338;76.5065113515607;4.6445800658825E-05;2.77096315595743;9.51285096153394E-07;0.0725791359323583;0.00591010708893609;4.54240619604939;0.000281594572852346;0.00833684485943235;1.24597173477054E-06;126654200;13.3737621;52.5051621;77.444;35.246;0.723;-1
1900;126654.4;13.373722886205;0.000199107719192557;52.5051342817602;0.000165247704241784;76.5146093511691;4.77268483108252E-05;2.77236676405485;9.94091962748992E-07;-0.0585564016917309;0.00591038676356578;4.54355827283813;0.00028335362230191;0.0114067538096742;1.24605735529983E-06;126654400;13.3737505;52.5051639;77.501;35.303;0.721;-1
1900;126654.6;13.3737103118675;0.000210640486642059;52.5051369245991;0.00018651006459927;76.522364113819;4.90342004152292E-05;2.77378332752635;1.03740248917434E-06;-0.174704505378267;0.00590887707359771;4.51978969415722;0.000285340152573535;0.00360580506895416;1.24606036801353E-06;126654600;13.3737393;52.5051655;77.601;35.403;0.721;-1
1900;126654.8;13.3736978242487;0.000224453890191069;52.5051394523265;0.000228040933237493;76.5297873537747;5.03690859826851E-05;2.77462226812757;1.08118978677626E-06;-0.25433306692166;0.00590596500930764;4.47615795956757;0.000288203275383376;0.00696791663307081;1.2461453604536E-06;126654800;13.3737264;52.5051676;77.654;35.456;0.722;-1
1900;126655;13.3736854686475;0.000239336431362332;52.5051420861877;0.000238990620016094;76.5368951367053;5.17322790856213E-05;2.77567958029874;1.12533862925857E-06;-0.28384891066683;0.00589580201749161;4.42133788499116;0.000293118616837983;0.0031280848422004;1.24610671486577E-06;126655000;13.3737138;52.5051701;77.571;35.373;0.724;-1
1900;126655.2;13.3736749361017;0.000296041249750049;52.5051451727782;0.000166517175077287;76.5437061997346;5.31232744411036E-05;2.77637695610134;1.16978764356439E-06;-0.3218975239825;0.00588043985811052;4.36593826301361;0.000300532768814674;0.000800852103729375;1.24614408951773E-06;126655200;13.3737033;52.5051718;77.669;35.47;0.723;-1
1900;126655.4;13.3736632309094;0.000260185275438041;52.5051479282848;0.000154498186332981;76.5502414147257;5.45407612679244E-05;2.77701954806996;1.21455620025065E-06;-0.294239084440662;0.00591604738939687;4.30419846866902;0.000293091144152915;0.00271435338383043;1.24614787940592E-06;126655400;13.373692;52.5051736;77.576;35.378;0.722;-1
1900;126655.6;13.3736513914238;0.000247720414587553;52.5051503863823;0.000146591961954376;76.556522056927;5.59836288713392E-05;2.77702777595653;1.25953256515649E-06;-0.281340245415525;0.00592174515498303;4.24730063787125;0.000288936328234798;-0.000252029585182645;1.24613029573824E-06;126655600;13.3736825;52.5051757;77.832;35.634;0.719;-1
1900;126655.8;13.3736396786814;0.000242724944204748;52.5051528891248;0.000162876717839692;76.5625698711293;5.7450417879554E-05;2.77731573213653;1.30465825684642E-06;-0.309369066136529;0.00592226008945373;4.1890176653557;0.000287592168721341;0.00201661053989885;1.24610152299793E-06;126655800;13.3736703;52.5051784;77.842;35.644;0.722;-1
1900;126656;13.3736281354755;0.000239218403261929;52.5051552788622;0.000105725199834324;76.5684057958064;5.89384584073353E-05;2.77727131214851;1.34987532323169E-06;-0.368800713454676;0.00592110561018408;4.1213910743051;0.000287672551061423;0.0015087377588788;1.24606418744005E-06;126656000;13.3736602;52.5051813;77.903;35.704;0.726;-1
1900;126656.2;13.373616803292;0.000232479935579058;52.5051576720487;5.8808753036889E-05;76.5740502009891;6.04430756414552E-05;2.77738713146613;1.39510053934714E-06;-0.424864772455212;0.00591823811700639;4.04162278702228;0.000287787232001089;0.000732390388371446;1.24600624614644E-06;126656200;13.3736491;52.5051833;77.89;35.692;0.731;-1
1900;126656.4;13.3736056974537;0.000229968036072402;52.5051600071466;0.000127238039327656;76.5795226345371;6.1958054696658E-05;2.77738929951912;1.44027095829441E-06;-0.473133972762096;0.00591827279793335;3.95168229718986;0.000287976659944867;-0.000763961236862429;1.2459189288684E-06;126656400;13.3736373;52.5051848;77.886;35.688;0.737;-1
1900;126656.6;13.373594851648;0.00022867200994967;52.5051623746408;0.000209423837220677;76.5848416065098;6.34766313423283E-05;2.77747073660739;1.48528462023636E-06;-0.50899364642544;0.00591808446454911;3.85319033779423;0.000287694363819775;0.00103024227927164;1.24581831471452E-06;126656600;13.3736267;52.505187;77.948;35.75;0.747;-1
1900;126656.8;13.373584293312;0.000228042133871455;52.5051645594811;0.000236125755728457;76.5900243182743;6.49910061789509E-05;2.77754879376849;1.53004133421046E-06;-0.542783328488922;0.00591803222339009;3.74835643891179;0.000287242732637824;0.00280183743647779;1.2457009132652E-06;126656800;13.3736172;52.5051893;78.037;35.839;0.759;-1
1900;126657;13.3735740331932;0.000228172602357798;52.5051666479767;0.000268919576384634;76.5950870505512;6.64915933541604E-05;2.77889670145233;1.57451052516141E-06;-0.611031156727896;0.00586627954314143;3.63368310871294;0.000287019258574086;0.0147249802928561;1.24558288050838E-06;126657000;13.3736074;52.5051914;78.069;35.871;0.77;-1
1900;126657.2;13.3735641042137;0.000229244065889625;52.5051686936911;0.000310259393058924;76.600045068897;6.79725637521335E-05;2.78203193501608;1.6185731940324E-06;-0.720705670879295;0.00562429076582223;3.50113338415474;0.000282080384661331;0.0127949645115988;1.26309763299467E-06;126657200;13.3735972;52.5051927;78.1;35.902;0.783;-1
1900;126657.4;13.3735545758564;0.000230430610913555;52.5051706113302;0.000321764190273917;76.6049184518422;6.95253730469901E-05;2.78431071248086;1.66243499444194E-06;-0.87683234876065;0.00551475776078242;3.34244083721911;0.000281099120489622;0.0111940440351458;1.26296761496823E-06;126657400;13.3735886;52.5051948;78.156;35.957;0.799;-1
1900;126657.6;13.3735455255212;0.000232441663526442;52.5051724474491;0.000297137950972239;76.6097207413009;7.11755009814429E-05;2.78743736548132;1.70608034910927E-06;-1.0731134179104;0.00550243341085144;3.14781681338658;0.000281155567872299;0.0216912710226444;1.26283107318487E-06;126657600;13.3735798;52.5051966;78.183;35.985;0.82;-1
1900;126657.8;13.3735370614762;0.000234706386756711;52.5051741146651;0.000358064479264019;76.6144616949103;7.29164887302295E-05;2.79343957471931;1.74944783663994E-06;-1.25119490814183;0.0055034182293538;2.91445656931977;0.000280885979743861;0.0430822331339153;1.26270214516812E-06;126657800;13.3735721;52.5051974;78.343;36.145;0.841;-1
1900;126658;13.3735292631469;0.000237440030590432;52.5051755788179;0.000351315612236227;76.6191495916006;7.47446446561951E-05;2.80642433475644;1.79247077208957E-06;-1.33940440036926;0.00550588434064725;2.6533442676698;0.000280757874548639;0.0784780614395205;1.26257421278023E-06;126658000;13.3735642;52.5051988;78.292;36.094;0.851;-1
1900;126658.2;13.3735221701792;0.000240261092311672;52.5051768557663;0.000329854558615551;76.6237913648146;7.66584785700559E-05;2.82647293052195;1.83509803161036E-06;-1.26730985317437;0.00550719821705849;2.38955534445166;0.000281012945279141;0.118579679751618;1.26244414600107E-06;126658200;13.3735571;52.5051996;78.318;36.12;0.869;-1
1900;126658.5;13.3735127449224;0.000245225202261082;52.5051783049796;0.000218429701041918;76.6306805503795;7.96931845573545E-05;2.86944191626006;1.8980759618276E-06;-0.909848987572069;0.00553178909428713;2.05886423598568;0.000281521958055398;0.1694759929405;1.26223697126628E-06;126658500;13.3735502;52.5052026;78.421;36.223;0.895;-1
1900;126658.7;13.373507079733;0.000248378443514724;52.5051790506587;0.000119781804180272;76.6352321565796;8.18332138649042E-05;2.90489088408422;1.93931647127096E-06;-0.679194107441742;0.00567539900178303;1.90118962113286;0.000284631932530484;0.172731868256936;1.27007973217272E-06;126658700;13.3735448;52.5052039;78.445;36.247;0.914;-1
1900;126658.9;13.3735017657571;0.000252329033491925;52.5051796512021;5.93313583942262E-05;76.6397544696;8.40117372033624E-05;2.93774409189411;1.97967775058192E-06;-0.527598706974174;0.00581924215456465;1.78216894157726;0.000286939151043401;0.164656104314837;1.26998762765231E-06;126658900;13.3735402;52.5052041;78.631;36.433;0.933;-1
1900;126659.1;13.373496730735;0.000256402563474999;52.5051800425411;0.000128062381288859;76.6442487091035;8.61802579555534E-05;2.969501879387;2.01896362396493E-06;-0.452297789358151;0.00584012974981959;1.68502993372284;0.000287136486884761;0.150386318839049;1.26983978300608E-06;126659100;13.3735373;52.505207;78.654;36.456;0.954;-1
1900;126659.3;13.3734919312957;0.000260899993888805;52.5051802882594;5.82165234653523E-05;76.6487163180312;8.83468718716329E-05;2.99909061766722;2.05712921360735E-06;-0.409362871913862;0.00584103793938112;1.59912255281127;0.000287784393515041;0.146237048121441;1.26969530163951E-06;126659300;13.3735332;52.5052078;78.715;36.517;0.974;-1
1900;126659.5;13.3734873562338;0.00026534490162206;52.5051806321914;6.2331360099883E-05;76.653157750769;9.05190442881875E-05;3.02801109188301;2.09408690878676E-06;-0.379479685187871;0.0058419374354452;1.52044184830001;0.000288488359387521;0.141448465007315;1.26955660004123E-06;126659500;13.3735289;52.5052075;78.796;36.597;0.995;-1
1900;126659.7;13.3734829871719;0.000270134035015118;52.5051808082179;5.14718541697321E-05;76.657573367664;9.27038476186863E-05;3.05441433215026;2.12980253589566E-06;-0.358410994625525;0.00584323349330395;1.44666108868778;0.000289098967821755;0.119852361959047;1.26941925847079E-06;126659700;13.3735242;52.505207;78.789;36.591;1.017;-1
1900;126659.9;13.3734788315659;0.000274917906628853;52.5051807855229;0.000127569777213618;76.6619628119374;9.49075453368887E-05;3.07315660007042;2.16420347497449E-06;-0.325128280886944;0.00584458141017258;1.3779289102535;0.00028960960052871;0.068218190782313;1.26929003226656E-06;126659900;13.37352;52.5052071;78.794;36.596;1.044;-1
1900;126660.1;13.3734748625839;0.000279848047716053;52.5051807766836;8.46888616654448E-05;76.6663252753833;9.71351362175566E-05;3.08220867179157;2.19724306936283E-06;-0.266637146180652;0.00584640246047911;1.31828326842041;0.000290026859513369;0.0323604102126737;1.26916554310253E-06;126660100;13.3735158;52.5052069;78.798;36.6;1.076;-1
1900;126660.3;13.3734710427413;0.000284811653725457;52.505180786137;7.31139813946085E-05;76.6706600869631;9.93902544445161E-05;3.08848626302564;2.2288559090606E-06;-0.186031482579411;0.00584784888641105;1.27276930459798;0.000290467979464458;0.0315611030738462;1.2690506127047E-06;126660300;13.3735126;52.5052074;78.804;36.606;1.117;-1
1900;126660.5;13.3734673426834;0.000289793290251646;52.5051807863591;4.94065645841247E-324;76.6749667375768;0.000101676183866076;3.09458666175679;2.25900924653856E-06;-0.0991913148185667;0.00584815417596763;1.24419001801659;0.000291007790781728;0.0286817532394333;1.26894474814643E-06;126660500;13.3735084;52.5052067;78.862;36.664;1.159;-1
1900;126660.7;13.3734637001776;0.00029502982487737;52.5051806680821;4.94065645841247E-324;76.6792444291233;0.000103996135784306;3.09811365977238;2.28766533065171E-06;-0.00865035430208388;0.00584829090600773;1.23327498311103;0.000291562425718799;0.00480523084088383;1.26884877841252E-06;126660700;13.3735037;52.5052054;78.933;36.735;1.196;-1
1900;126660.9;13.3734600584255;0.000299771244073093;52.5051805926495;4.94065645841247E-324;76.683492683524;0.000106352885534232;3.09644998766092;2.314778474994E-06;0.0986094383267083;0.00584890983594803;1.24187609898485;0.000292071155055122;-0.0195872972991319;1.26876242999569E-06;126660900;13.373501;52.5052052;79.053;36.855;1.237;-1
1900;126661.1;13.3734563526468;0.000304847887070219;52.5051805273913;3.89211226174279E-06;76.687711010833;0.000108748367609941;3.09063943504736;2.34031154450321E-06;0.223709121934621;0.00585014571647343;1.27396651268069;0.00029253168934757;-0.0330395536548244;1.26868814097502E-06;126661100;13.3734974;52.5052051;79.123;36.925;1.28;-1
1900;126661.3;13.3734525171821;0.000310199465178705;52.5051804875948;1.62555867562766E-05;76.6919000362307;0.000111183579632953;3.08255258142667;2.36424177891327E-06;0.333970562425078;0.0058511741637551;1.33034729840817;0.000293041836570794;-0.0478976173727822;1.26862546451226E-06;126661300;13.3734931;52.5052042;79.21;37.011;1.32;-1
1900;126661.5;13.3734484923512;0.00031529995650326;52.5051805495136;3.89578291672018E-05;76.6960605362476;0.000113659517410183;3.07062245677357;2.38653719545135E-06;0.38553871726263;0.00585099629244218;1.40363475564869;0.000293654893166221;-0.0684398997261829;1.26856791688541E-06;126661500;13.3734886;52.5052036;79.173;36.974;1.335;-1
1900;126661.7;13.3734442494393;0.000320503118520915;52.5051805290089;4.94065645841247E-324;76.7001931230856;0.000116177409760952;3.05551071891403;2.40718379758301E-06;0.356577195576369;0.00585157590949295;1.47909496882889;0.000294261533204297;-0.0814555022904548;1.26862201635427E-06;126661700;13.3734846;52.5052031;79.251;37.053;1.363;-1
1900;126661.9;13.3734398005065;0.000326015075466995;52.5051805524064;8.09527436081493E-05;76.7042988469876;0.000118738361627773;3.03794988052016;2.42638542656098E-06;0.272418819838274;0.00585213859902723;1.54258002306095;0.000294802001284452;-0.0915363528438613;1.26857294263185E-06;126661900;13.3734794;52.5052022;79.275;37.077;1.392;-1
1900;126662.1;13.3734352041259;0.00033122035684767;52.5051806835492;0.000136659014714979;76.7083785777386;0.000121342950990994;3.01899460808926;2.44386159242882E-06;0.174955714282143;0.00585317632694558;1.58720796588026;0.000295306554955023;-0.0969507873577271;1.268536072763E-06;126662100;13.3734743;52.5052019;79.308;37.11;1.421;-1
1900;126662.3;13.3734305071954;0.000336611427919467;52.5051809611803;9.5001811217418E-05;76.7124335719494;0.000123991117550086;2.99953752058662;2.4595997653147E-06;0.0979001122394169;0.00585371261301494;1.61398614635405;0.00029583872125077;-0.099004072199857;1.26851145766533E-06;126662300;13.3734692;52.5052027;79.23;37.031;1.45;-1
1900;126662.5;13.3734257668989;0.000341903771399677;52.505181288654;0.000131791266221052;76.7164655115751;0.000126683005828945;2.97978700486442;2.47355295418541E-06;0.0539640744400237;0.00585404543145702;1.62865992355961;0.000296415059183917;-0.0958382270383412;1.26849889990086E-06;126662500;13.3734655;52.5052017;79.325;37.126;1.533;-1
1900;126662.7;13.3734210114904;0.000347359556439428;52.5051815614027;0.000110748395763036;76.7204762909592;0.000129419158493073;2.95960562413826;2.48572999125144E-06;0.0276570627376914;0.00585444229790196;1.63674298709269;0.000297007171288112;-0.106901572561735;1.26849714993508E-06;126662700;13.3734614;52.5052008;79.361;37.163;1.577;-1
1900;126662.9;13.373416255897;0.00035296561624809;52.5051819980914;0.000128864531840562;76.7244682414949;0.000132200159165362;2.93769282400164;2.49613750125234E-06;-0.0052979361075479;0.00585497773763162;1.63925886982945;0.000297570454461679;-0.107785646908341;1.26850900345822E-06;126662900;13.3734583;52.5052007;79.374;37.176;1.62;-1
1900;126663.1;13.373411521576;0.000358761104216145;52.5051824264515;0.000140002009938864;76.7284438455983;0.000135026239274543;2.91498529226957;2.50474361387583E-06;-0.0654721885985366;0.00585595371504423;1.63280940619315;0.00029805963000546;-0.116522964633869;1.26852739497427E-06;126663100;13.3734563;52.5051998;79.522;37.323;1.658;-1
1900;126663.3;13.3734068395625;0.000364342159909569;52.505182861835;0.000105713962679295;76.7324057129067;0.00013789715117737;2.89269697250241;2.51156251630347E-06;-0.166218645782909;0.0058566882761213;1.61028749797332;0.00029856432446127;-0.110804123517808;1.26856617546745E-06;126663300;13.3734536;52.5051994;79.622;37.423;1.699;-1
1900;126663.5;13.3734022855403;0.000369723187494556;52.505183433587;0.000105485953354271;76.7363564184954;0.000140812940992475;2.87073400821859;2.51661587604779E-06;-0.290547277270082;0.00585671037897397;1.56474470446081;0.00029910887974214;-0.097716417920601;1.26861072048323E-06;126663500;13.3734503;52.5051975;79.818;37.619;1.74;-1
1900;126663.7;13.3733979108075;0.000375305637123458;52.5051840522444;0.000102495311499364;76.7402986986772;0.00014377411312308;2.85549030615781;2.51988222251358E-06;-0.393663042004284;0.00585676980984271;1.49549282552888;0.000299609225500101;-0.0585595893481781;1.26866556970607E-06;126663700;13.3734457;52.5051967;79.849;37.651;1.77;-1
1900;126663.9;13.37339377734;0.000380929122425368;52.505184678643;8.64385063673735E-05;76.744235242679;0.000146781281022972;2.84617700114398;2.52137890785822E-06;-0.427607322854715;0.00585774146924968;1.41190261707221;0.000300025314119389;-0.0439126835980408;1.26873473659234E-06;126663900;13.3734438;52.5051937;80.257;38.059;1.785;-1
1900;126664.1;13.3733898973258;0.000386431520623252;52.5051852985936;0.000165349607450289;76.7481688156919;0.000149834786440104;2.83736507042237;2.52112210081619E-06;-0.368451427837366;0.00585883418810565;1.33076308362049;0.000300413187054398;-0.0429297437373906;1.26880954807459E-06;126664100;13.3734425;52.5051881;81.111;38.913;1.802;-1
1900;126664.3;13.3733862246357;0.000392200137576362;52.505185943903;0.000144257258045526;76.7521029610421;0.000152934566560796;2.82891743890321;2.51910850970293E-06;-0.244597808957262;0.0058593978787301;1.26886683004033;0.000300839461014754;-0.0425612728087035;1.26889658520081E-06;126664300;13.3734402;52.5051862;81.402;39.203;1.831;-1
1900;126664.5;13.3733826966776;0.000398048361081697;52.5051864636345;0.000102078853757178;76.7560417944106;0.000156080858771291;2.82069598492234;2.51539337436379E-06;-0.120824406100161;0.00585968892079195;1.23282890089771;0.000301322273427691;-0.0398751786306886;1.26899268293627E-06;126664500;13.3734375;52.5051853;81.567;39.369;1.86;-1
1900;126664.7;13.3733792437857;0.000404444226570224;52.5051869646345;0.000109808527107152;76.7599888348492;0.000159274338085871;2.81266488373709;2.50996872875473E-06;-0.0411160740989726;0.00585975113968173;1.21750790071853;0.000301835173999933;-0.0412292403468061;1.26909692712291E-06;126664700;13.3734332;52.5051862;81.572;39.373;1.887;-1
1900;126664.9;13.373375827807;0.000410702414505692;52.5051875730578;0.00015374241667532;76.7639478219568;0.000162515780858922;2.8049258137739;2.5028134484372E-06;-0.00991947891155572;0.00585988183936335;1.21310370214534;0.000302310992328769;-0.0404429735146612;1.26920805234592E-06;126664900;13.3734298;52.5051844;81.87;39.672;1.913;-1
1900;126665.1;13.3733724361148;0.000416963243381899;52.5051881617095;0.000183868082068749;76.7679223965875;0.00016580569732554;2.79685437121552;2.49395184597554E-06;-0.00612861768339308;0.00586008653473661;1.2117166862502;0.000302720682357377;-0.0348204052775349;1.26933032196861E-06;126665100;13.3734276;52.5051824;82.277;40.078;1.936;-1
1900;126665.3;13.3733690475365;0.000423488921714005;52.5051886889168;0.000164777473677496;76.7719162956509;0.000169144204066719;2.79013710495336;2.48341790928852E-06;-0.00694624917719432;0.00586091638455504;1.21037843316935;0.000303081844188241;-0.0324471766222186;1.26946376904028E-06;126665300;13.3734247;52.5051816;82.538;40.339;1.964;-1
1900;126665.5;13.3733656651569;0.000430268341416922;52.5051892324549;0.000209821328283639;76.7759330919466;0.000172531670834182;2.78418458997279;2.47127618889287E-06;0.00637801375537964;0.00586126179490746;1.20982785015509;0.000303481495544115;-0.0299283740417104;1.2696050747119E-06;126665500;13.3734217;52.5051812;82.724;40.526;1.995;-1
1900;126665.7;13.3733622877973;0.000436922817329017;52.5051898418921;0.000177916571041415;76.7799764753833;0.000175968842291583;2.77813829806159;2.45754503229445E-06;0.0595383192610627;0.0058614054187333;1.21555355985376;0.000303896560211715;-0.0318382432911339;1.2697532583334E-06;126665700;13.3734185;52.5051808;82.918;40.72;2.023;-1
1900;126665.9;13.3733588817137;0.000443768008718871;52.5051904733262;0.000211832626995644;76.7840502215072;0.00017945651698605;2.77224466415808;2.44226576184005E-06;0.176488815622431;0.00586146058613629;1.23789546031999;0.000304287052555267;-0.0291452846268605;1.26990899871489E-06;126665900;13.3734156;52.505179;83.283;41.084;2.032;-1
1900;126666.1;13.3733553891819;0.000450495822539164;52.505191140886;0.000252456277651682;76.7881578903876;0.00018299520459806;2.76517644499134;2.42547800304238E-06;0.36456606424871;0.00586170320232049;1.2908825385607;0.000304627197334709;-0.0382144737743238;1.27007165056692E-06;126666100;13.3734113;52.5051793;83.273;41.075;2.05;-1
1900;126666.3;13.3733516919726;0.000457559428600003;52.5051918081721;0.000211209207404334;76.7923032517586;0.000186585007093817;2.75740650182241;2.40724693858784E-06;0.610047950846878;0.00586238687092001;1.38751652043963;0.000304962781593216;-0.0396306042280499;1.27024002324154E-06;126666300;13.3734077;52.5051781;83.557;41.358;2.062;-1
1900;126666.5;13.3733476785464;0.00046464040534468;52.5051926115575;0.000254757505431679;76.7964900604023;0.00019022625197429;2.74892390629033;2.38762750825484E-06;0.897949503878626;0.00586258863976969;1.53771755877361;0.000305350514269165;-0.0427201075008138;1.27041243406002E-06;126666500;13.373405;52.5051786;83.621;41.422;2.071;-1
1900;126666.7;13.3733431734095;0.000471758151914416;52.5051936072087;0.000291056229594134;76.8007216270787;0.000193919614312908;2.7401331844275;2.36666202431484E-06;1.20329700315288;0.00586253359405984;1.74793046578515;0.000305751692127229;-0.0432295572768614;1.27058848107788E-06;126666700;13.3734014;52.5051788;83.75;41.551;2.096;-1
1900;126666.9;13.3733380545201;0.000478553696400601;52.5051948420088;0.000298902583552946;76.8050013874119;0.000197665820425319;2.73277769301053;2.34440582819787E-06;1.46990888736935;0.00586277585071206;2.0164953297864;0.00030612378029439;-0.03337086311874;1.2707674575846E-06;126666900;13.3733974;52.5051799;83.813;41.615;2.131;-1
1900;126667.1;13.3733321371143;0.000485498012776781;52.5051961356101;0.000309298252518851;76.8093327512071;0.000201465323379343;2.72674354987894;2.32093460437888E-06;1.63366587532171;0.00586355952125087;2.32893840021835;0.000306501544876421;-0.0256576099503964;1.27094728893063E-06;126667100;13.3733931;52.5051791;84.157;41.959;2.159;-1
1900;126667.3;13.3733253544783;0.000492195311521161;52.5051977016401;0.000330938529407407;76.8137184195635;0.000205318198971582;2.7230250343004;2.29630309545126E-06;1.65892046317324;0.00586360334888872;2.66073181607739;0.000306866236569134;-0.0127849539951789;1.27112843400347E-06;126667300;13.3733881;52.5051755;84.602;42.403;2.188;-1
1900;126667.5;13.3733176553674;0.00050168429609045;52.5051995539454;0.000287494699614156;76.8181610758422;0.00020922474034048;2.72287078788835;2.27056494663525E-06;1.52246408996782;0.00586391257147867;2.98176775962016;0.000307183362960475;0.0118527731361143;1.27130871145347E-06;126667500;13.373384;52.5051737;84.785;42.587;2.212;-1
1900;126667.7;13.3733091616015;0.000508076374446148;52.5052016340445;0.000373116315153099;76.8226628245849;0.000213185575798038;2.72636143753183;2.24381853836001E-06;1.22164779531705;0.00586398821499862;3.25873705957175;0.000307508652399286;0.0174420497712408;1.27148512357491E-06;126667700;13.3733734;52.5051809;84.232;42.033;2.198;-1
1900;126667.9;13.3732999915835;0.000514538164517108;52.5052037542414;0.00034859731750038;76.8272255644299;0.000217201391325975;2.73110460820474;2.21611963438084E-06;0.811717435487745;0.00586416742672326;3.46307418172714;0.000307832915047057;0.0317926315578808;1.27165777074444E-06;126667900;13.3733622;52.5051838;84.083;41.885;2.194;-1
1900;126668.2;13.3732854012021;0.00052464562735922;52.5052071327024;0.000276161994014555;76.8341870312056;0.000223329056904226;2.74502179885878;2.17297745563899E-06;0.272226977828602;0.00586487211987587;3.61878745092962;0.000308321524966291;0.0543298924482366;1.27190786174091E-06;126668200;13.3733464;52.5051847;84.323;42.124;2.201;-1
1900;126668.4;13.3732753946613;0.000532031850172299;52.5052093857496;0.000313093477439649;76.8389077959475;0.0002274836689663;2.75568548719824;2.1432231867969E-06;0.116138279142573;0.00586509852620328;3.65458651414317;0.000308663248463813;0.0563026304033929;1.27206490117203E-06;126668400;13.3733356;52.5051857;84.525;42.326;2.197;-1
1900;126668.6;13.373265277748;0.000539763240991387;52.5052115319232;0.000327667496750777;76.8436940074926;0.000231694433141794;2.7668282475532;2.11272683300493E-06;0.108680118393832;0.00586481467926964;3.67530730372826;0.000308999834294779;0.0626210950574215;1.27222185927032E-06;126668600;13.373325;52.5051866;84.693;42.494;2.191;-1
1900;126668.8;13.373255055305;0.000547642940743362;52.5052137008228;0.000295260387524528;76.8485470665364;0.00023596209149496;2.77763939316155;2.08152363528767E-06;0.174586177744229;0.00586484836849499;3.70284745917635;0.00030928930213473;0.0498066638355846;1.2723694171929E-06;126668800;13.3733133;52.505192;84.15;41.951;2.187;-1
1900;126669;13.3732446970118;0.000555825887562396;52.5052157360864;0.000344620639014078;76.8534681029547;0.000240287322093632;2.78660260144976;2.04967673840374E-06;0.259882587172947;0.00586534889856018;3.74631820101264;0.000309527116434524;0.0336958642433027;1.27251205542336E-06;126669000;13.3733017;52.5051953;83.939;41.74;2.188;-1
1900;126669.2;13.3732341775065;0.000564190679358034;52.5052177988033;0.000394463867356244;76.8584586028639;0.000244670485405803;2.79224753504109;2.01725674952058E-06;0.342254396762677;0.0058658801089964;3.80654572729506;0.000309773242538939;0.0246043414596778;1.2726423324798E-06;126669200;13.3732899;52.5051988;83.733;41.534;2.187;-1
1900;126669.4;13.3732234404385;0.000572808722408112;52.5052198783148;0.000396699409907537;76.8635198181814;0.000249111875464816;2.7972523243457;1.98432343644172E-06;0.415214504411187;0.00586605497334651;3.88262960471965;0.000310070858588944;0.0221238791722426;1.27277008762854E-06;126669400;13.3732783;52.5052016;83.711;41.513;2.182;-1
1900;126669.6;13.3732124524245;0.000581695406329668;52.505221949691;0.000395356307831773;76.8686527164472;0.00025361217743148;2.80133745725838;1.95092116986029E-06;0.462293743086752;0.00586604107814232;3.97088145818345;0.000310418323189618;0.0252198128879276;1.27288753907069E-06;126669600;13.3732655;52.5052064;83.54;41.341;2.181;-1
1900;126669.8;13.3732012043514;0.000590466673090975;52.5052240224754;0.000410097031949961;76.8738584233559;0.000258172305535194;2.80522854565689;1.91707622629692E-06;0.471494807342684;0.00586587432511539;4.06509325410353;0.00031078649985973;0.0169443112130608;1.27300031096062E-06;126669800;13.373253;52.5052116;83.077;40.878;2.18;-1
1900;126670;13.3731896768647;0.000599305580035269;52.5052262061825;0.000441024441402535;76.8791380487834;0.000262793134436009;2.80787080989751;1.88281285695667E-06;0.416699204232201;0.00586584400785252;4.15519807213073;0.000311136445502881;0.0110321047123926;1.27311966188168E-06;126670000;13.3732389;52.505216;82.699;40.501;2.182;-1
1900;126670.2;13.3731779075175;0.000608560208934337;52.5052283769781;0.00044109803132555;76.884492408639;0.000267475250856904;2.8092466496466;1.84816087858604E-06;0.284174872783973;0.00586602744041071;4.22650415026873;0.00031145669763766;-0.00155180492122204;1.27323174974899E-06;126670200;13.3732264;52.5052201;82.564;40.365;2.183;-1
1900;126670.4;13.3731659776103;0.000617938976202797;52.5052305810874;0.000501691585462345;76.889921773792;0.000272219167244556;2.80821101560074;1.8132144188246E-06;0.0969184621230865;0.00586611556394502;4.26519602546569;0.000311780046667933;-0.00484723101673932;1.27332125794449E-06;126670400;13.3732141;52.5052249;82.282;40.083;2.183;-1
1900;126670.6;13.3731540235451;0.000627026200795357;52.5052326808893;0.000508585100280725;76.8954266902652;0.000277025708001005;2.80651150822226;1.77800803299986E-06;-0.0970405530119224;0.00586630612092954;4.26488164028178;0.00031214290046343;-0.0120155389102691;1.27340987356385E-06;126670600;13.3732014;52.5052302;81.878;39.679;2.184;-1
1900;126670.8;13.3731421176116;0.000636253318505856;52.5052349332678;0.000534058396682381;76.901007340485;0.000281895849867139;2.80335506968284;1.74260264500809E-06;-0.251998096018509;0.00586632486488292;4.2289168436167;0.000312536174578816;-0.0179754072354247;1.27350560183867E-06;126670800;13.3731891;52.5052336;81.72;39.522;2.185;-1
1900;126671;13.3731303592377;0.000645935573996887;52.5052370900823;0.000515881510650155;76.906663000955;0.000286830456811547;2.79852323321979;1.70697361197804E-06;-0.309324289976463;0.0058665816039252;4.17066453257359;0.000312886054933634;-0.0318909118829598;1.27360089735188E-06;126671000;13.3731775;52.5052384;81.477;39.278;2.198;-1
1900;126671.2;13.3731187745569;0.000656149113480681;52.5052392348748;0.000531688059755581;76.9123933208354;0.000291830040858148;2.79006153795609;1.67119985041427E-06;-0.25079013579562;0.00586677576307446;4.1128724749185;0.000313205201694589;-0.0513382455285946;1.27368912672844E-06;126671200;13.3731654;52.5052411;81.321;39.122;2.214;-1
1900;126671.4;13.3731074087553;0.000666019688977158;52.5052415008935;0.000627648873777346;76.9181979748362;0.000296894983611815;2.77565444334795;1.63532785744199E-06;-0.105449386311849;0.00586679507676928;4.07625590022858;0.000313515258781089;-0.0929800099746407;1.27376986853828E-06;126671400;13.3731561;52.5052445;81.282;39.083;2.221;-1
1900;126671.6;13.3730961608538;0.000676012015868935;52.5052436872471;0.000646977338048502;76.9240759473155;0.00030202592888193;2.7519120260607;1.5994349171878E-06;0.0536177581704412;0.00586676914777583;4.07147843198881;0.000313816739704945;-0.139905042567329;1.27383476978747E-06;126671600;13.3731464;52.505249;80.995;38.796;2.226;-1
1900;126671.8;13.3730850096675;0.000685789414165548;52.5052462095879;0.000700557658690007;76.9300269383111;0.000307223629713926;2.71799142516128;1.56355693758092E-06;0.182260484325336;0.00586669562658953;4.09570790489825;0.0003141096155487;-0.194179751427889;1.27389876035021E-06;126671800;13.3731358;52.5052532;80.723;38.524;2.241;-1
1900;126672;13.3730739531398;0.000695007082103353;52.5052491369019;0.000740460960510421;76.9360500556659;0.000312488698992778;2.67279233403916;1.52775523497537E-06;0.267790395619563;0.00586675445157469;4.14148759630239;0.000314383532358475;-0.255001156089341;1.27395856495534E-06;126672000;13.3731244;52.5052573;80.556;38.357;2.259;-1
1900;126672.3;13.3730576376879;0.000708121988881091;52.5052542770784;0.000828953791657053;76.9452182658958;0.000320513074870258;2.57912334673747;1.4742790482528E-06;0.323759949481006;0.00586698821770443;4.23191482780758;0.000314774313093779;-0.360010050268739;1.27404837652239E-06;126672300;13.3731115;52.5052632;80.342;38.143;2.287;-1
1900;126672.6;13.3730419930867;0.000719539529648103;52.5052604860664;0.000904155854448376;76.9545449066518;0.000328689999785794;2.46173387524492;1.42124851976916E-06;0.32625814026442;0.00586635164460517;4.33044607005473;0.000315154227234255;-0.415914174214378;1.2741460032857E-06;126672600;13.3731044;52.5052697;80.033;37.834;2.313;-1
1900;126672.8;13.3730321662198;0.000725702397443331;52.5052653272126;0.00094896762788892;76.9608496384686;0.000334226518689385;2.37469246246099;1.38621261922291E-06;0.3262647927439;0.00586658516678732;4.39565829668004;0.000315358853552218;-0.453882584296231;1.27419066160538E-06;126672800;13.3730987;52.5052741;79.796;37.598;2.327;-1
1900;126673;13.3730230104198;0.000730827553807626;52.5052708746433;0.00102347527182727;76.9672236409713;0.000339831374187744;2.27644714420853;1.35151272549296E-06;0.326576875035276;0.00586664242360961;4.46081777162291;0.000315559975670026;-0.512915773853678;1.27424051426588E-06;126673000;13.3730982;52.5052822;78.846;36.648;2.333;-1
1900;126673.2;13.3730147301184;0.000734860380512537;52.5052770462808;0.00104996485408571;76.9736665769596;0.000345504233403868;2.17200963873189;1.3172076256014E-06;0.339875104419654;0.00586638601560226;4.52721882119126;0.000315731599354096;-0.538035432524509;1.27428488174199E-06;126673200;13.3730944;52.5052884;78.451;36.252;2.34;-1
1900;126673.4;13.3730075132906;0.000737916913777052;52.505283811412;0.00114330220528074;76.980178327439;0.000351244513809168;2.05894882487046;1.28334015093437E-06;0.360378882427785;0.0058663022081839;4.59731493760316;0.000315840320144281;-0.583195384754465;1.27432805158613E-06;126673400;13.3730892;52.505291;78.67;36.471;2.344;-1
1900;126673.6;13.3730015635938;0.000740695264394275;52.5052911172921;0.00116666091849866;76.9867586184699;0.000357051720713217;1.93936759952935;1.24997338171745E-06;0.373234718677865;0.00586518204514417;4.67078875058666;0.000315902825087684;-0.610692157971354;1.27436398250096E-06;126673600;13.37309;52.5052966;78.582;36.383;2.358;-1
1900;126673.8;13.3729970633131;0.000743023805799791;52.505298969689;0.00117130782370433;76.993407083929;0.000362925291758063;1.81701342351286;1.21716149942514E-06;0.393651687220519;0.00586509060808995;4.74710153234188;0.00031586046598258;-0.607539455139229;1.27438750276998E-06;126673800;13.3730936;52.5053036;78.453;36.254;2.364;-1
1900;126674;13.3729941753311;0.000745529632895658;52.5053072360383;0.00116014126350664;77.0001231093384;0.000368864354498865;1.69451040383375;1.18495829884739E-06;0.436213510051442;0.0058667318000887;4.82973420890353;0.000315845692423151;-0.611749796218153;1.27440504744913E-06;126674000;13.3730938;52.5053092;78.598;36.399;2.35;-1
1900;126674.2;13.3729929415554;0.000748589758448534;52.5053156777665;0.00118881782040548;77.0069065458264;0.000374867496556627;1.57715025142346;1.15341509813717E-06;0.500080559769231;0.00586770718816964;4.92291835048389;0.000315991019974555;-0.562773878403457;1.27442365553303E-06;126674200;13.3730884;52.5053218;77.826;35.627;2.301;-1
1900;126674.4;13.3729933095542;0.000753328459288994;52.5053243836111;0.00118697097355842;77.0137562626281;0.000380932932628482;1.47098013073277;1.12256623910388E-06;0.601131274959555;0.00586800866956625;5.03229020999826;0.000316257539800528;-0.497034840069338;1.27443885885166E-06;126674400;13.3730844;52.5053225;79.141;36.942;2.265;-1
1900;126674.6;13.3729951462038;0.000759559847920233;52.5053333367018;0.00124040607217508;77.0206716449933;0.000387058814556034;1.38114966745073;1.09245096947601E-06;0.746183631905265;0.0058680543401372;5.16634683981054;0.0003165472977461;-0.402387404312377;1.27445410857625E-06;126674600;13.3730855;52.5053298;79.347;37.148;2.248;-1
1900;126674.8;13.3729982513658;0.000767151034057641;52.5053425388022;0.00132320187766746;77.0276516523081;0.000393243072374072;1.31342502467951;1.06310478091187E-06;0.906326415886916;0.00586926984737644;5.33182307126583;0.000316759501078607;-0.285786218518826;1.27446260057677E-06;126674800;13.3730876;52.5053376;79.517;37.318;2.25;-1
1900;126675;13.3730023660819;0.000776591493669499;52.5053518843693;0.00135945936894325;77.0346951081143;0.000399483175152062;1.2668072012755;1.03456883360015E-06;1.04154513500596;0.00587012069909099;5.52703637702338;0.000316944095645109;-0.19295204376818;1.27446268773487E-06;126675000;13.3730926;52.5053467;79.451;37.252;2.262;-1
1900;126675.2;13.3730072514782;0.00078795549707374;52.5053613824957;0.00140391695730953;77.0418010708439;0.000405775907981011;1.23644966369087;1.00687651456038E-06;1.12130560112487;0.00587027827764074;5.7446571663408;0.000317057047208948;-0.127827093064839;1.27445564380578E-06;126675200;13.3730954;52.5053466;80.926;38.728;2.254;-1
1900;126675.4;13.3730127294037;0.00080119395472406;52.5053712848824;0.00146292987425894;77.0489682250945;0.000412117519081057;1.21721029618231;9.80065435231045E-07;1.13404379532571;0.00587065205546003;5.97121971978672;0.000317063436400426;-0.0653577569145457;1.27443428876556E-06;126675400;13.3731025;52.5053545;81.043;38.844;2.25;-1
1900;126675.6;13.3730186474352;0.000816219566931943;52.505381276512;0.00147270521033379;77.0561953670578;0.00041850400831456;1.20889031299163;9.54170672900188E-07;1.09190405644891;0.00587017100886721;6.19448602894205;0.000317020984728359;-0.0270504053300523;1.27440487796409E-06;126675600;13.3731072;52.5053665;80.909;38.71;2.259;-1
1900;126675.8;13.3730248556272;0.000832971640330978;52.5053917254199;0.00139609227980074;77.063481122234;0.000424930972057812;1.20647934446982;9.29223383951738E-07;1.01061515335797;0.00586977051294829;6.40547841453049;0.000317029369143936;-0.00153238915261524;1.27436070136954E-06;126675800;13.3731103;52.5053761;81.191;38.993;2.245;-1
1900;126676;13.3730312876472;0.000851749936524121;52.5054026467157;0.00137821459239803;77.0708237528212;0.000431393371096237;1.2069774127085;9.05249739344758E-07;0.893573705482581;0.00586953616691934;6.5963970213013;0.000317115677407555;0.00570915674536621;1.27430797974151E-06;126676000;13.3731129;52.5053844;81.746;39.548;2.183;-1
1900;126676.2;13.3730378677663;0.000871713757305308;52.5054136345696;0.00132558455433155;77.0782217963551;0.000437885315999318;1.20911643914205;8.82277271067186E-07;0.742929230921267;0.00586959470199383;6.76053158443523;0.000317282511738449;0.0119922476576894;1.27424643331189E-06;126676200;13.3731166;52.5053956;81.885;39.686;2.152;-1
1900;126676.5;13.373047883086;0.000905037919512875;52.5054309300615;0.00136319068781668;77.0894186148121;0.000447664075892117;1.21384250090306;8.49740375911026E-07;0.485419878615638;0.00586930887585367;6.94448079775148;0.000317583589964682;0.0154545984473511;1.27413482714714E-06;126676500;13.3731214;52.5054109;82.533;40.334;2.125;-1
1900;126676.7;13.3730546046575;0.000929526936554192;52.5054426211465;0.00142796430816995;77.0969465819625;0.000454200000411846;1.21681619154007;8.29354729833132E-07;0.362641575501867;0.00586957383698588;7.02817606832435;0.000317676226235926;0.0144217249606734;1.27404656605242E-06;126676700;13.373126;52.5054182;83.54;41.341;2.079;-1
1900;126676.9;13.3730613461033;0.000955140741018939;52.5054544003172;0.00147103472375201;77.104523061438;0.000460740085545377;1.2185535305767;8.10026010180445E-07;0.312332502868769;0.00586887524145836;7.09460252096476;0.000317695474350188;0.00411839879127087;1.27394798885908E-06;126676900;13.3731334;52.5054285;83.988;41.789;2.073;-1
1900;126677.1;13.373068139897;0.000981820448776778;52.505466406727;0.00150364834861266;77.1121452455279;0.000467275416725397;1.21925245404272;7.91759747224864E-07;0.320613441107501;0.00586728085465336;7.15691427495374;0.000317562847334318;0.00426790530335517;1.27383938401911E-06;126677100;13.3731413;52.5054407;83.986;41.788;2.082;-1
1900;126677.3;13.373074968343;0.00100939012767116;52.5054785642915;0.00154171191223336;77.1198110354292;0.000473796088704382;1.22002298612291;7.7455884680561E-07;0.373766654174977;0.00586617073384151;7.22581347392892;0.000317205839025732;0.00162495920107141;1.27372250590438E-06;126677300;13.3731495;52.5054534;84.06;41.862;2.099;-1
1900;126677.5;13.3730818710275;0.00103825882928994;52.505490742179;0.00155122923229558;77.1275179200711;0.000480291535216966;1.21901387320116;7.58425137214107E-07;0.456222220435011;0.00585306240501812;7.3084450916068;0.000317000148851503;-0.00587266583774347;1.2735962256328E-06;126677500;13.3731592;52.5054641;84.321;42.123;2.126;-1
1900;126677.7;13.3730889705997;0.00107151628385832;52.5055029535432;0.00153704122482682;77.1352634009049;0.000486750579154642;1.21853450139879;7.43366075520837E-07;0.544049950399601;0.00573059170056778;7.40852999092309;0.000315637981419768;0.000165697635177052;1.27346458572221E-06;126677700;13.3731644;52.5054753;84.421;42.222;2.157;-1
1900;126677.9;13.3730960700767;0.00110173184926922;52.5055153688545;0.00152267622218654;77.1430443773374;0.000493237193522864;1.21932831497977;7.29417584596794E-07;0.624356975176045;0.00550282664722985;7.52573399842689;0.000310546709797091;0.00374777368232887;1.28877571307742E-06;126677900;13.3731686;52.5054886;84.555;42.357;2.178;-1
1900;126678.1;13.3731032809986;0.00113331780804918;52.5055279612875;0.00146225231087715;77.1508559263494;0.000499933010365637;1.2203162153348;7.16771745337445E-07;0.671368712826448;0.00545562767757726;7.65584571433359;0.000310265908958411;0.00391264557035806;1.28864703210795E-06;126678100;13.373176;52.5055013;84.686;42.487;2.198;-1
1900;126678.3;13.3731106004196;0.00116623005665803;52.5055408559554;0.00136697559955728;77.1586956606176;0.000506836372414396;1.22109242616363;7.05399475969127E-07;0.679875993107614;0.00545270233446336;7.79183240634819;0.000309957853600667;0.00136232652138217;1.28851925660845E-06;126678300;13.3731832;52.5055121;84.987;42.789;2.203;-1
1900;126678.5;13.3731180417084;0.00120046627346844;52.5055540993797;0.00139459700319945;77.1665613067732;0.000513939112597261;1.22183082738805;6.95294629182128E-07;0.630943239688826;0.00545095067970179;7.924100656569;0.000309656982545867;0.0063387627857802;1.28839243258367E-06;126678500;13.3731891;52.5055233;85.412;43.213;2.222;-1
1900;126678.8;13.3731293462273;0.00125435686560737;52.5055743039533;0.00137368287430548;77.1784034494307;0.000524953264036507;1.22515803127337;6.82491212578704E-07;0.437400201764805;0.00544961883984759;8.08758969327182;0.000309408716614173;0.0133605549129654;1.28820446137285E-06;126678800;13.373198;52.5055408;85.814;43.615;2.273;-1
1900;126679;13.3731369229423;0.00129218441827917;52.5055878254502;0.0013448510254998;77.1863236696409;0.000532529290013751;1.22877414040537;6.75514417167769E-07;0.267740893366216;0.00544985606371138;8.15820001332977;0.000309329102043527;0.0196282836039261;1.28808274529001E-06;126679000;13.3732043;52.5055531;86.099;43.901;2.297;-1
1900;126679.3;13.3731482223898;0.00135040074556698;52.5056082669706;0.00128191058309764;77.198236571521;0.000544235689143502;1.23415431417931;6.67357736448715E-07;0.0860382312038472;0.00544948644300981;8.20809575443046;0.000309263451231185;0.0167324612678209;1.28790221652755E-06;126679300;13.3732155;52.5055712;86.505;44.307;2.346;-1
1900;126679.6;13.3731593832995;0.00141042709631601;52.5056289715758;0.00128933463955483;77.2101814001831;0.000556349828595936;1.23695780939216;6.61904194977451E-07;-0.00989038809203655;0.00545037214911727;8.21830603481137;0.000309039328686164;0.00542572616307804;1.28772629046017E-06;126679600;13.3732222;52.5055915;86.623;44.425;2.382;-1
1900;126679.9;13.3731705024217;0.00147184879460759;52.5056495929976;0.00124188669777176;77.2221509450215;0.000568875352002834;1.23766793811689;6.59091716704994E-07;-0.0463485450105227;0.00545146032480865;8.20838162962408;0.000308908919075386;-0.0012342045849354;1.28755887367185E-06;126679900;13.3732334;52.5056109;86.639;44.44;2.384;-1
1900;126680.2;13.3731816314067;0.00153408115377837;52.5056702693396;0.00115298055322995;77.2341379295273;0.00058182263825737;1.23536149470884;6.58845040485335E-07;-0.0547146129609386;0.00545275805265592;8.19308754292201;0.000309052484891991;-0.00599073766609451;1.28739955919205E-06;126680200;13.3732402;52.5056302;86.836;44.638;2.386;-1
1900;126680.4;13.3731890807088;0.00157643034025397;52.5056840200743;0.00110515566417061;77.2421353129877;0.000590696414690828;1.23355656285055;6.6006892047298E-07;-0.0563962987893559;0.00545413944206492;8.18197069601777;0.000309369518036532;-0.0134018175945024;1.28729885419419E-06;126680400;13.3732482;52.5056398;87.446;45.248;2.391;-1
1900;126680.7;13.3732003154766;0.00164094437962512;52.5057047799969;0.00109074671661496;77.2541357146613;0.000604387277236476;1.22968482740283;6.63923106459877E-07;-0.0766330190613607;0.00549566071393784;8.16290012933121;0.00030998587737569;-0.01200268191847;1.28715735820993E-06;126680700;13.3732563;52.5056581;87.713;45.515;2.407;-1
1900;126681;13.3732116238623;0.00170685412241464;52.5057253524207;0.00106311238068056;77.2661343725043;0.000618490987832721;1.22822504441524;6.70066378083464E-07;-0.114161043038603;0.00575419255456751;8.13423230010679;0.000314974503016223;0.00250173643320287;1.36094455375368E-06;126681000;13.3732629;52.505678;87.844;45.646;2.421;-1
1900;126681.2;13.373219151416;0.00175112682453974;52.5057388811165;0.00103018041841718;77.2741291901473;0.000627915943797297;1.2283313842411;6.752052625611E-07;-0.150997753890295;0.00579478356962683;8.10813425592716;0.000314745182226849;0.00157445215667566;1.3608521988203E-06;126681200;13.373268;52.5056899;88.304;46.106;2.425;-1
1900;126681.4;13.3732266458548;0.00179559266911045;52.5057525753924;0.00105411110527457;77.2821174785131;0.000637332452574391;1.22907417658496;6.81129859753815E-07;-0.214281754434071;0.00579422538793267;8.07202472857886;0.00031424333097877;0.0013008084671071;1.36076110563618E-06;126681400;13.3732724;52.5057035;88.473;46.275;2.433;-1
1900;126681.6;13.373234113697;0.00184241434423877;52.5057661565636;0.00104437826545917;77.2900967175779;0.000646750344932319;1.22956473988034;6.87811888829538E-07;-0.244424777880271;0.0057950653295548;8.0271517647491;0.000314798954407571;0.00929782030540245;1.36067371408483E-06;126681600;13.3732789;52.5057155;88.772;46.574;2.442;-1
1900;126681.8;13.3732414934044;0.00188732230423999;52.5057796519851;0.00101234092314628;77.2980648766776;0.000656178973792876;1.22976984523563;6.9522495091812E-07;-0.300757731125114;0.00579700190858554;7.97229673522309;0.000315525170508804;0.00126451399531813;1.36058472774954E-06;126681800;13.3732843;52.505727;89.169;46.972;2.446;-1
1900;126682;13.3732488112913;0.00193234900788477;52.5057931318265;0.00110329724447014;77.3060195594699;0.000665627071384469;1.23084695749486;7.0332694874874E-07;-0.338908248213919;0.0057979914100743;7.90797610089419;0.000315732940023193;0.00379581956829493;1.36049847270732E-06;126682000;13.3732898;52.5057377;89.667;47.469;2.455;-1
1900;126682.2;13.3732560724159;0.00197720117128379;52.5058063159119;0.00105368074358321;77.3139585656647;0.000675102630049527;1.23035880971781;7.12093912037324E-07;-0.352012727029327;0.00579771231429007;7.83837260846028;0.000315815902612301;-0.00647649686140117;1.3604146848738E-06;126682200;13.3732948;52.5057465;90.581;48.383;2.467;-1
1900;126682.4;13.3732632750383;0.00202255743212285;52.5058195125433;0.00104803678253336;77.3218794787569;0.000684613044091001;1.228752152471;7.21492659552282E-07;-0.346763740210914;0.00579783832863367;7.76852907476863;0.000315853066756411;-0.00842353571494383;1.36033323532676E-06;126682400;13.3732997;52.5057561;91.323;49.125;2.487;-1
1900;126682.6;13.373270441506;0.00206815293630768;52.505832526314;0.00111567876183464;77.3297803893471;0.00069416536133946;1.22747057650773;7.31488476876893E-07;-0.353102494433825;0.00579816829371942;7.69885459095523;0.000315922232176037;-0.0060691591801847;1.36025651507768E-06;126682600;13.3733061;52.505765;91.985;49.787;2.497;-1
1900;126682.8;13.3732775687571;0.00211401762039027;52.5058454865645;0.00119050468672625;77.3376591685023;0.00070376620945842;1.22642477501989;7.42055786160078E-07;-0.357686551856329;0.0057979719077172;7.62742924333605;0.000316008240778041;-0.00572981979674919;1.36018220679596E-06;126682800;13.3733136;52.5057756;92.248;50.05;2.512;-1
1900;126683;13.3732846707263;0.00215940727222901;52.5058582383686;0.0011809106796459;77.3455135679654;0.000713421683103277;1.22577350993231;7.53164032043957E-07;-0.345000007337903;0.00579785170826022;7.55695995220878;0.000316085467413431;-0.00220323818034588;1.36011172353837E-06;126683000;13.3733212;52.5057844;92.909;50.711;2.523;-1
1900;126683.2;13.3732917049316;0.00220514793289128;52.5058709583596;0.00125318143625547;77.3533418124311;0.000723137232458662;1.22564084432626;7.64781757526846E-07;-0.332825279123159;0.00579772792203243;7.48923039641315;0.000316138970377485;-0.00212416538311371;1.36004399083382E-06;126683200;13.3733251;52.5057968;93.15;50.952;2.548;-1
1900;126683.4;13.3732986681086;0.00225123097231066;52.50588349762;0.00125316798372856;77.3611417327244;0.000732917815918257;1.22542260847949;7.76877748313195E-07;-0.328022439989504;0.00579818979120627;7.4232788098378;0.00031619766952816;-0.00027205187425276;1.35997887979938E-06;126683400;13.3733267;52.5058071;93.733;51.535;2.532;-1
1900;126683.6;13.3733054478209;0.00230188215382133;52.5058959268203;0.00125314476627777;77.3689113486281;0.00074276814643627;1.22544372074493;7.89427180834476E-07;-0.326509239050445;0.0057981996242729;7.35764453983545;0.000316337203154283;0.00131943365810448;1.35992025584809E-06;126683600;13.3733304;52.5058184;94.117;51.919;2.537;-1
1900;126683.8;13.3733122821618;0.00234758562492153;52.505908227356;0.00128134249495955;77.3766486108637;0.000752692626672582;1.22534702969275;8.02397626532083E-07;-0.326505777238224;0.00579862358802327;7.29229624396771;0.000316592186560147;0.000451816356226141;1.35985937707542E-06;126683800;13.3733358;52.5058293;94.56;52.362;2.537;-1
1900;126684;13.3733190696006;0.00239329270434846;52.5059204418031;0.00136489440892723;77.384351878332;0.000762695250986292;1.2259305394451;8.15757006590266E-07;-0.322001038314786;0.00579881185092788;7.22731966572516;0.000316820379007895;0.00523760929360274;1.35980145700289E-06;126684000;13.3733404;52.5058406;94.578;52.381;2.544;-1
1900;126684.2;13.3733257844331;0.00243961539000274;52.5059326016046;0.0013794137724452;77.3920191384011;0.000772779492015663;1.22612116909502;8.29475865102665E-07;-0.310911392171204;0.0057986085093739;7.16406491295215;0.00031695506708464;-0.000762494815331351;1.35974613911371E-06;126684200;13.3733446;52.5058504;94.839;52.641;2.55;-1
1900;126684.4;13.3733324499427;0.0024857657692083;52.5059445512905;0.00142743257216322;77.3996488628473;0.000782948452451984;1.22681799133332;8.43521463965806E-07;-0.308850155904948;0.00579810097674976;7.1023065916537;0.000316729740910492;0.00392670290328145;1.35969268694245E-06;126684400;13.3733482;52.5058578;95.179;52.982;2.52;-1
1900;126684.6;13.3733390076918;0.00253244674805895;52.505956512842;0.00143458605225076;77.4072395360839;0.000793205104171735;1.22672786929293;8.57868634739807E-07;-0.319478772732215;0.00579586319562946;7.03965314515031;0.000315728953880745;-0.00129868992762071;1.35964181450414E-06;126684600;13.3733537;52.5058669;95.323;53.125;2.501;-1
1900;126684.8;13.3733461438231;0.00259148146361934;52.505968092161;0.00135365179797378;77.4147897057409;0.000803552222269994;1.22669130769405;8.72546270295831E-07;-0.293384877933645;0.00579676321874603;6.98014683326518;0.000316176024627389;0.00343351860485681;1.35960764073981E-06;126684800;13.3733628;52.5058749;95.594;53.396;2.487;-1
1900;126685;13.3733526013762;0.00261834768025232;52.5059797341611;0.00133574537002361;77.4222981365042;0.000813992283295769;1.22615224610855;8.87473777775695E-07;-0.335049433887866;0.00579824141834949;6.91750375537644;0.00031703160477936;-0.00838849332861586;1.35955034744971E-06;126685000;13.3733675;52.5058836;96.023;53.825;2.463;-1
1900;126685.2;13.3733590179196;0.00264527548401977;52.5059913673954;0.00135594371962071;77.4297634588515;0.000824527368540963;1.22523554885683;9.02597829735026E-07;-0.387683948397984;0.00579842266102766;6.8453485584366;0.00031727908690946;-0.00453637594345231;1.359495825646E-06;126685200;13.3733722;52.5058929;96.23;54.032;2.442;-1
1900;126685.4;13.3733653883475;0.00267238043952176;52.5060029238214;0.00143118155425112;77.4371847818418;0.000835159296604527;1.22434079698784;9.17889589400931E-07;-0.432481522079164;0.00579854817829767;6.76289933352226;0.000317266513056432;-0.00649595915148435;1.35944410270446E-06;126685400;13.3733779;52.505903;96.142;53.945;2.425;-1
1900;126685.6;13.3733717033459;0.00270030561090566;52.5060141923023;0.00148715508868594;77.4445609208952;0.000845889848983024;1.22332970889669;9.33318541015559E-07;-0.455880797836611;0.00579860204269308;6.67384447678858;0.000317211195399805;-0.00277863535870917;1.35939400505139E-06;126685600;13.3733805;52.5059142;96.2;54.003;2.417;-1
1900;126685.8;13.3733779452079;0.00272818929009151;52.5060253830634;0.00147953128928236;77.4518912523011;0.000856720705632438;1.22254424992273;9.48857111218525E-07;-0.477575006458153;0.00579837462023287;6.58055885370511;0.000317208148685503;-0.00429774855369829;1.35934507309788E-06;126685800;13.3733834;52.5059256;96.189;53.992;2.408;-1
1900;126686;13.3733841102418;0.00275640953628888;52.5060363615676;0.00144276254780528;77.459175200518;0.000867653342811908;1.22152506198477;9.64476478566315E-07;-0.5067777173467;0.00579868727834133;6.48235023204466;0.000317245109458169;-0.00104290416060635;1.35929805223896E-06;126686000;13.3733882;52.5059339;96.657;54.46;2.375;-1
1900;126686.2;13.373390196065;0.00278478552697599;52.5060471111443;0.00155041798040492;77.4664125944034;0.000878688932726291;1.22111545492937;9.80146063625481E-07;-0.560148265675496;0.00579845436287115;6.37623697206333;0.0003173310533994;-0.00209639078041511;1.35925185100786E-06;126686200;13.3733942;52.5059431;96.811;54.614;2.371;-1
1900;126686.4;13.3733961679302;0.00281292286197722;52.5060577862277;0.00154134803930553;77.4736031066754;0.000889828469901898;1.22071946702477;9.95839007750021E-07;-0.650306766672468;0.00579755990083798;6.25563805899878;0.000317432132349243;0.0017739345251397;1.35920658335041E-06;126686400;13.3734006;52.5059528;96.885;54.688;2.363;-1
1900;126686.6;13.3734020213993;0.002841535594846;52.5060681215902;0.00154180288488603;77.4807467897193;0.000901072978880188;1.22109906071365;1.01152854947156E-06;-0.746043399101221;0.00579777872138063;6.11576233237155;0.000317470865341308;0.00311100678469802;1.35916077591103E-06;126686600;13.3734087;52.5059598;97.358;55.161;2.342;-1
1900;126686.8;13.3734090397235;0.00281300095882851;52.506077676253;0.00141063492981316;77.4878435464141;0.000912423455035896;1.22138765694123;1.02728867697506E-06;-0.80708286777866;0.00579822443699907;5.9595966569557;0.000317506539872888;-0.000485966035363365;1.35913174587717E-06;126686800;13.3734123;52.5059699;97.556;55.359;2.332;-1
1900;126687;13.3734145966435;0.00282520568922366;52.5060875815528;0.00146776435154529;77.494893785889;0.000923880751904488;1.22017448809796;1.04303770111482E-06;-0.822805290309481;0.00579825213630221;5.79601534718359;0.000317518911105824;-0.00710418666227634;1.35907194531423E-06;126687000;13.3734179;52.5059766;98.015;55.818;2.304;-1
1900;126687.2;13.3734200256942;0.00283762131429625;52.5060970761121;0.00147916838477749;77.5018979579321;0.000935445484175394;1.21922088723692;1.05863315087618E-06;-0.82498417227142;0.00579874842006026;5.6313668065577;0.000317498628580529;-0.00836051543035414;1.35901524650542E-06;126687200;13.3734208;52.505986;98.112;55.914;2.3;-1
1900;126687.4;13.3734253263463;0.00284951104477047;52.5061062259585;0.00149296052147103;77.5088569243431;0.000947118145807684;1.21779915685731;1.07404299448945E-06;-0.846320765333506;0.00579903102587467;5.46476553498309;0.000317529610462702;-0.0045300451416667;1.35896163575185E-06;126687400;13.3734266;52.5059949;98.2;56.002;2.296;-1
1900;126687.6;13.3734304725637;0.00286171218076533;52.5061152084708;0.00144599382974123;77.5157718066372;0.000958899301849009;1.21677443481096;1.08923573771955E-06;-0.886600915049582;0.00579840200319155;5.29141807593989;0.000317627561963476;-0.0068054093427272;1.35891371556645E-06;126687600;13.3734311;52.5060034;98.25;56.052;2.412;-1
1900;126687.8;13.3734354670674;0.0028734180623166;52.506123970283;0.00147413351429578;77.5226436983356;0.000970789525432622;1.21549890177258;1.10417824135984E-06;-0.911470041284104;0.00579816252369269;5.11123357059275;0.00031767905380095;-0.00376589214720694;1.35887006351529E-06;126687800;13.3734378;52.5060084;98.741;56.544;2.449;-1
1900;126688;13.3734403083851;0.00288513511070742;52.506132340594;0.00149963404177503;77.5294739511292;0.000982789289057287;1.21449570082639;1.11884199190844E-06;-0.908274199818191;0.00579817468964245;4.92870770648783;0.000317704210686248;-0.0037402235072173;1.35883052297993E-06;126688000;13.3734407;52.5060143;99.149;56.951;2.381;-1
1900;126688.2;13.37344499975;0.00289696839878918;52.5061403255061;0.0014653877343462;77.5362644691903;0.000994898863811597;1.21351615713432;1.13319784771472E-06;-0.877356671952827;0.00579887939790397;4.74976153039034;0.000317709691353271;-0.00477513486502492;1.35879581072209E-06;126688200;13.3734434;52.5060226;99.237;57.04;2.336;-1
1900;126688.4;13.3734495302912;0.00290770327255786;52.5061480096842;0.00150805443393463;77.5430171433095;0.00100711842678194;1.2125001455811;1.14721943235308E-06;-0.828510130793655;0.00579927303261533;4.57887445151624;0.000317758207126458;-0.00441414696117553;1.35876537535047E-06;126688400;13.373443;52.5060303;99.327;57.129;2.342;-1
1900;126688.6;13.3734539097346;0.00291895546808331;52.5061554616618;0.00146223737156035;77.5497340383542;0.00101944824126119;1.211104268734;1.16088051553457E-06;-0.767208982787414;0.00579944065913627;4.41925595423563;0.000317857470159954;-0.00861460150689152;1.35874337402626E-06;126688600;13.3734498;52.506036;99.477;57.28;2.378;-1
1900;126688.8;13.3734581910473;0.0029289815673525;52.5061626432697;0.00153862121510003;77.5564178291078;0.00103188859034778;1.20788091482684;1.17415655769343E-06;-0.712835699235989;0.00579906983253211;4.27142421890608;0.000317991528512115;-0.0185064820674309;1.35872771269468E-06;126688800;13.3734576;52.5060395;99.86;57.662;2.399;-1
1900;126689.1;13.3734643916731;0.00294509460636514;52.5061730413261;0.0015317298040262;77.5663872456503;0.00105075673870873;1.20159946228671;1.19330204776321E-06;-0.641448328361769;0.0057983867425344;4.06831544628027;0.000318195613363544;-0.02742499732648;1.3587153583175E-06;126689100;13.373462;52.5060465;100.417;58.219;2.485;-1
1900;126689.4;13.3734704247494;0.0029610307597935;52.5061830233225;0.00164896353979925;77.5762978954145;0.00106987393039282;1.19268982540446;1.21147017902905E-06;-0.517568561193927;0.0057990284399792;3.89173075573767;0.000318338618768187;-0.0269152433685641;1.35871630937627E-06;126689400;13.3734635;52.5060579;100.374;58.176;2.43;-1
1900;126689.6;13.3734744035714;0.0029706670617994;52.506189295837;0.00169224100892901;77.5828781367669;0.00108275701441831;1.18725227806246;1.22301156093886E-06;-0.383728056353813;0.0057988434824036;3.80117035935707;0.00031847633427878;-0.023620120066492;1.35872502617914E-06;126689600;13.3734637;52.5060678;99.94;57.742;2.424;-1
1900;126689.8;13.3734783401409;0.00298035848202407;52.506195617171;0.00175338371720307;77.5894412426227;0.00109575072120579;1.18314590993262;1.23408035143306E-06;-0.238157675027324;0.00579889354637188;3.73902979731948;0.000318601397709972;-0.0131908903888907;1.35874225426915E-06;126689800;13.3734645;52.5060758;99.621;57.423;2.391;-1
1900;126690;13.3734822715296;0.0029892634502892;52.5062017049789;0.00186070776350839;77.5959913539702;0.00110885494261979;1.18241888724289;1.24466620846441E-06;-0.112808713316472;0.00579882620758787;3.70450647596032;0.000318694495008228;0.0164763903106367;1.3587660183387E-06;126690000;13.3734651;52.5060794;100.011;57.814;2.32;-1
1900;126690.2;13.3734861278985;0.00299891223510049;52.5062077617083;0.0018703745505306;77.6025329141701;0.0011220693621277;1.1887736907937;1.2547616170581E-06;-0.0208613060489143;0.00579894848258589;3.69157996604051;0.000318752144937793;0.0404191945515116;1.35879609767632E-06;126690200;13.3734682;52.5060838;100.189;57.992;2.269;-1
1900;126690.4;13.3734899126198;0.00300754545110571;52.5062138809465;0.00194073485434251;77.6090704406628;0.00113539354914117;1.19880950973216;1.26436189157799E-06;0.0548363751681169;0.00579929796175371;3.69520682684017;0.000318764602785178;0.0678856326595086;1.35883285278959E-06;126690400;13.3734694;52.50609;100.185;57.988;2.269;-1
1900;126690.6;13.3734935682455;0.00301650174607833;52.5062200295333;0.00200392612654567;77.6156087390193;0.00114882711456232;1.21440807413805;1.27346517412293E-06;0.112969579650297;0.00579902072346348;3.71222962572748;0.000318750448307119;0.075148328848678;1.35887816811866E-06;126690600;13.3734717;52.5060955;100.219;58.021;2.27;-1
1900;126690.8;13.3734970830198;0.00302499047796415;52.5062262224366;0.00202266653299352;77.6221523336047;0.00116236964026747;1.23314941611608;1.28207196431732E-06;0.168760934117272;0.00579886585228941;3.74027075593639;0.000318704799452295;0.0997817739144325;1.35892917193446E-06;126690800;13.3734732;52.5061017;100.191;57.994;2.268;-1
1900;126691;13.3735003892326;0.00303389549725205;52.5062325498429;0.00198531885334707;77.6287061123259;0.00117602056792593;1.2557737831278;1.29018402106979E-06;0.250200305952263;0.00579909067092709;3.78139680773599;0.000318660403129286;0.11089293370499;1.35898698345038E-06;126691000;13.3734745;52.5061053;100.615;58.418;2.261;-1
1900;126691.2;13.3735035070746;0.00304185831640563;52.5062388796519;0.00197218622403356;77.6352750097685;0.00118977909439964;1.28197086807214;1.29780673927643E-06;0.37807853703196;0.0057993057117761;3.84353827154326;0.000318640750577974;0.144797224859659;1.35905191971214E-06;126691200;13.3734763;52.5061108;100.762;58.564;2.252;-1
1900;126691.4;13.3735063440391;0.00305007059704076;52.5062455590717;0.00200747445124135;77.6418636682217;0.00120364425851972;1.31507853526118;1.30494895611892E-06;0.538034024756832;0.00579960753645483;3.93476427147424;0.0003186268201986;0.183996214118852;1.35912635401137E-06;126691400;13.3734763;52.5061157;101.071;58.874;2.231;-1
1900;126691.7;13.3735099229035;0.00306308684271921;52.5062560481946;0.0020856756073975;77.6517945200664;0.00122463979515774;1.37734164529964;1.3147856294159E-06;0.762630015387495;0.00579898823350074;4.13135023653742;0.000318644338329039;0.23824049359575;1.35925274322039E-06;126691700;13.3734767;52.5061247;101.4;59.203;2.235;-1
1900;126691.9;13.3735117240249;0.00307130378363182;52.5062635234173;0.00211164353690954;77.6584538463339;0.0012387670625593;1.42826448224615;1.32077918966336E-06;0.873967172771426;0.00579850306425555;4.29555151895355;0.000318641639793508;0.262133798219006;1.35934408986194E-06;126691900;13.3734768;52.506128;102.045;59.847;2.219;-1
1900;126692.1;13.3735129344228;0.00308001842110495;52.5062711002892;0.00214616366135719;77.6651492739204;0.00125299693213069;1.48171327430732;1.32634106092232E-06;0.95006059018444;0.00579891547797449;4.4783958978721;0.000318601760680751;0.270382160923208;1.35944011807289E-06;126692100;13.3734747;52.5061285;103.229;61.031;2.198;-1
1900;126692.3;13.3735134515183;0.0030891976143543;52.5062789704656;0.00216801418630879;77.6718845621227;0.00126732769985635;1.53725318049182;1.33148912703365E-06;1.00921321917618;0.00579918115995641;4.67458529684917;0.000318605082549404;0.288209963475529;1.35954052982184E-06;126692300;13.373474;52.5061336;103.765;61.568;2.186;-1
1900;126692.6;13.3735127361175;0.00310411220373939;52.5062918126856;0.0022084304676389;77.6820705179515;0.00128900901416765;1.62528079072223;1.33848217024525E-06;1.06019509860298;0.00579880166518966;4.98604065723183;0.000318695478176728;0.297474194676508;1.35970318286646E-06;126692600;13.3734699;52.5061425;104.59;62.393;2.177;-1
1900;126692.8;13.3735111373143;0.00311481744178056;52.5063008289217;0.00229131186142484;77.6889216709595;0.00130358376129068;1.68335250809434;1.34269207311184E-06;1.07078397456934;0.00579866162690824;5.19952328573896;0.000318739148851926;0.285760256074887;1.3598190933286E-06;126692800;13.3734644;52.5061479;105.334;63.136;2.154;-1
1900;126693;13.3735085923051;0.00312680819882727;52.5063101813017;0.0023788166731108;77.6958248785686;0.00131825228799595;1.73879960453183;1.34656711977548E-06;1.05986003534535;0.00579883725888624;5.41293901609506;0.000318762676600616;0.264673786762522;1.35993556777681E-06;126693000;13.3734624;52.506156;105.597;63.4;2.137;-1
1900;126693.3;13.3735029720844;0.00314738863491;52.5063245823169;0.00241821958812337;77.7062829592374;0.00134042495411619;1.81803982932362;1.35180227693415E-06;1.01523069300825;0.00579868573425814;5.72479772799809;0.000318818684822366;0.268085207014533;1.36011580217408E-06;126693300;13.3734518;52.506164;106.942;64.745;2.113;-1
1900;126693.5;13.3734979558372;0.00316289233043355;52.5063344481824;0.00238026746784202;77.713327013556;0.0013553155635074;1.8704567517004;1.3549423369016E-06;0.969121362988971;0.00579875860638105;5.92359102202128;0.000318860499486689;0.255296735085825;1.3602371706115E-06;126693500;13.373442;52.5061683;108.091;65.894;2.082;-1
1900;126693.7;13.3734919209787;0.00318039704185875;52.5063444996218;0.00241778039266747;77.7204309506642;0.00137028944919257;1.91849909831629;1.35782921636945E-06;0.896366455179557;0.00579923719149282;6.11074818638124;0.000318910974490813;0.230406886293516;1.36035916641132E-06;126693700;13.3734346;52.5061745;108.921;66.724;2.049;-1
1900;126693.9;13.3734849454574;0.0031989412868074;52.5063545876509;0.00243481967478901;77.7275960281816;0.00138534302855246;1.9634512801827;1.3604861320847E-06;0.78225113654705;0.00579917377694441;6.27934913523837;0.000318998308813167;0.215833003156063;1.36048192993161E-06;126693900;13.3734273;52.5061837;109.343;67.146;2.015;-1
1900;126694.1;13.3734770451582;0.00321968927575492;52.5063648362417;0.00246761369021608;77.7348230718261;0.0014004723067342;2.00249164139113;1.36293797994707E-06;0.637321844229926;0.00579896056790404;6.42151102479264;0.000319063352283517;0.178753410019035;1.36060476059644E-06;126694100;13.3734201;52.5061924;109.84;67.643;1.991;-1
1900;126694.3;13.3734683839707;0.0032418674405146;52.5063750906518;0.00246906290901812;77.7421123261922;0.00141567282729621;2.03489362779484;1.36520628678055E-06;0.499487602781663;0.00579919095699584;6.53487349854722;0.000319105354277514;0.146633017689085;1.36072459459831E-06;126694300;13.373414;52.5062028;110.092;67.895;1.964;-1
1900;126694.5;13.3734590761771;0.00326590465101023;52.5063853662471;0.00248009741634401;77.7494636846607;0.00143093981758128;2.0616966432335;1.36731016505096E-06;0.38199147294845;0.00579906709704668;6.62267057577722;0.000319157957572823;0.1292405818122;1.36084089682712E-06;126694500;13.3734072;52.506215;110.12;67.922;1.933;-1
1900;126694.7;13.3734492497453;0.00329171587542179;52.5063956102164;0.00245622406928886;77.7568766393609;0.00144626819810078;2.08184430953666;1.36926818201008E-06;0.28627583063024;0.00579896166362989;6.68909174622472;0.000319203936610165;0.0862687423780206;1.36095372396189E-06;126694700;13.3733995;52.506227;110.213;68.016;1.902;-1
1900;126695;13.3734338444462;0.00333316891654536;52.5064108826511;0.00241786603172569;77.7681091320596;0.00146936373946761;2.10282786410525;1.37197070848688E-06;0.207933210805825;0.00579918432528886;6.76042326592311;0.000319278522330036;0.0484912833682467;1.36111265579586E-06;126695000;13.3733882;52.5062435;110.528;68.33;1.887;-1
1900;126695.2;13.3734232481144;0.00336256279088908;52.5064211478817;0.00250655343919342;77.7756706752464;0.001484820449025;2.11128222887306;1.37363763741723E-06;0.228469288404736;0.00579918113245157;6.80311635240047;0.000319303474122611;0.0359057546223161;1.36121049403774E-06;126695200;13.3733786;52.5062571;110.143;67.945;1.859;-1
1900;126695.4;13.3734124606032;0.00339342471543143;52.5064314883551;0.0025409377379444;77.7832884531253;0.00150031705099679;2.11692055673921;1.37521104478507E-06;0.296291480509328;0.00579907771011372;6.8550213793663;0.000319310881724357;0.0216582335177322;1.36130139468004E-06;126695400;13.3733737;52.5062721;109.772;67.575;1.836;-1
1900;126695.6;13.3734015081143;0.00342568354793009;52.5064417621096;0.00247060448036159;77.7909601990076;0.00151584636752694;2.11984367993389;1.37670433536444E-06;0.381079499061526;0.00579892521876689;6.92281103387392;0.000319328082487302;0.0137384127434272;1.36138557750452E-06;126695600;13.3733686;52.5062859;109.606;67.409;1.811;-1
1900;126695.8;13.3733903813809;0.00345983251220757;52.5064521446586;0.0024367338329631;77.798682929999;0.00153140076336653;2.12233561996201;1.3781307226977E-06;0.451489700312728;0.00579920371880463;7.00649195786035;0.000319339551664291;0.01218141593795;1.36146237914573E-06;126695800;13.3733624;52.5063003;109.343;67.146;1.781;-1
1900;126696;13.373379082747;0.00349575029313291;52.5064626768494;0.00247827511920239;77.8064536500505;0.00154697204438312;2.12362093527993;1.37949983331085E-06;0.476130507350671;0.00579949919144561;7.10022873825525;0.000319372934087687;0.00439566212238824;1.36153124536772E-06;126696000;13.3733527;52.5063123;109.368;67.171;1.761;-1
1900;126696.2;13.3733676159757;0.00353358891719764;52.5064733240333;0.00250976097009044;77.8142687896782;0.00156255136017675;2.12551257822197;1.3808196382059E-06;0.434589995532166;0.00579923273266875;7.19250069553928;0.000319439401720127;0.0118592053426639;1.36158823092829E-06;126696200;13.3733416;52.5063227;109.609;67.412;1.748;-1
1900;126696.4;13.3733559865608;0.00357380362000973;52.5064840454355;0.00251779936546261;77.8221246254328;0.00157812927101556;2.12706151165256;1.38209372277479E-06;0.324081206841939;0.00579895379556425;7.26959196300461;0.000319511589670775;0.00984462189707304;1.36163748328898E-06;126696400;13.3733311;52.5063331;109.854;67.657;1.737;-1
1900;126696.6;13.3733442053378;0.00361626894198417;52.506494841899;0.00251634051030163;77.8300172317948;0.00159369585458435;2.12931698095713;1.38332771424048E-06;0.152152566426232;0.00579882752272129;7.31787570848462;0.000319568476756983;0.0100172723131745;1.36167759342074E-06;126696600;13.37332;52.5063438;110.241;68.044;1.721;-1
1900;126696.8;13.373332334208;0.00366087444324886;52.5065057554011;0.00263162983512285;77.8379425129732;0.00160924064824194;2.13181834088851;1.38452490603303E-06;-0.0311712892445669;0.00579887707839354;7.32973597558762;0.000319599154943648;0.0109181248010099;1.36170950584855E-06;126696800;13.3733099;52.506354;110.778;68.581;1.706;-1
1900;126697;13.3733204358735;0.00370710484884165;52.5065166143057;0.00267097656029582;77.8458957975647;0.0016247525475386;2.13403099801103;1.3856914258276E-06;-0.175716876103138;0.00579890054538009;7.30807324117763;0.000319623585979534;0.0112185945062068;1.36173195840213E-06;126697000;13.3733;52.5063635;111.42;69.223;1.695;-1
1900;126697.2;13.373308534122;0.00375485510456627;52.5065274126278;0.00270047709027275;77.8538723423009;0.00164021972577116;2.13612883864175;1.38682483482841E-06;-0.257818365899709;0.0057988851003509;7.26371735638292;0.000319647825513688;0.0097862355337281;1.36174578832356E-06;126697200;13.3732898;52.5063738;111.782;69.585;1.691;-1
1900;126697.4;13.3732966900539;0.0038035030222173;52.5065381092724;0.00275121641693164;77.8618676127382;0.00165562969754189;2.13815733257965;1.38792029783784E-06;-0.296514957819704;0.00579840478993721;7.20788206505314;0.000319669102058503;0.0072052343678962;1.36175099374099E-06;126697400;13.3732773;52.5063846;111.945;69.748;1.684;-1
1900;126697.6;13.3732849063113;0.00385321964514254;52.5065487265862;0.00277884934591362;77.8698762413261;0.00167096943866617;2.14025027158136;1.38897066163675E-06;-0.334131871254399;0.00579729135706262;7.14510781189947;0.000319625637888862;0.0113121266857412;1.36174418934846E-06;126697600;13.373266;52.5063951;112.194;69.997;1.68;-1
1900;126697.8;13.3732732011387;0.00390393961824241;52.5065592115401;0.00282313585071287;77.8778932894727;0.00168622532827355;2.14249937751842;1.38996469703242E-06;-0.400366880281884;0.00579602015726696;7.07221346969186;0.000319402406158127;0.00787719230480512;1.3617278105637E-06;126697800;13.3732544;52.5064052;112.478;70.28;1.68;-1
1900;126698;13.3732615889172;0.00395563782777001;52.5065696523092;0.00289681537865991;77.8859132359619;0.0017013830671826;2.1442106072658;1.39088454918838E-06;-0.479808688158305;0.00579500318779931;6.98409836919583;0.000319053902308054;0.0111762583193882;1.36170175061011E-06;126698000;13.3732437;52.5064149;112.886;70.689;1.678;-1
1900;126698.2;13.3732501195066;0.00400788597188542;52.5065798232148;0.0029243789295986;77.8939303673185;0.00171642760654581;2.14532353545919;1.39172248544312E-06;-0.529336047812014;0.00576738748678069;6.88239052466152;0.000318969586263409;0.00243313739280936;1.36166742337362E-06;126698200;13.3732328;52.5064249;113.143;70.946;1.672;-1
1900;126698.4;13.373238780802;0.00406054702113244;52.506589799938;0.00295288469217625;77.9019386962825;0.00173134322116367;2.14760719010993;1.39244181452493E-06;-0.538586810171894;0.00558082816384836;6.77510078974162;0.000315786457877725;0.0120221702510415;1.38660296415205E-06;126698400;13.3732233;52.5064352;113.37;71.173;1.668;-1
1900;126698.6;13.373227599581;0.00411314094624089;52.5065995035574;0.00299907945573068;77.9099335786179;0.00174633044747591;2.14985435441283;1.39327426689085E-06;-0.52319468760744;0.00541708433882767;6.66859091454448;0.000312803817276205;0.0112940491857459;1.37285242242485E-06;126698600;13.3732131;52.5064457;113.304;71.107;1.662;-1
1900;126698.8;13.3732165528691;0.00416571640251958;52.5066090608475;0.00301757199408464;77.9179096239124;0.00176157498058366;2.15142321979262;1.39428831588026E-06;-0.483684503278696;0.00539148456719058;6.56748010542689;0.000312713918770757;0.00737535993858669;1.3728079835996E-06;126698800;13.373202;52.5064556;113.432;71.235;1.661;-1
1900;126699;13.373205643164;0.00421826673035591;52.5066184611756;0.00301205866852991;77.925861426836;0.00177706311581279;2.15234416916958;1.3954859380247E-06;-0.431920223071433;0.00539062778072068;6.47591688441683;0.000312400666827485;0.00330767055307876;1.37276267595305E-06;126699000;13.3731915;52.5064657;113.412;71.215;1.661;-1
1900;126699.2;13.3731948820572;0.00427132620783487;52.5066277312774;0.00299949792436067;77.9337832575142;0.00179278193784888;2.15227789916768;1.3968421396839E-06;-0.397620626295356;0.00538956779334031;6.39346047141414;0.000312203626528172;-0.000842780467384593;1.3727147397425E-06;126699200;13.3731828;52.5064761;113.479;71.282;1.653;-1
1900;126699.5;13.3731788140776;0.00434496029349643;52.5066413079786;0.00299323292913443;77.9455974076436;0.00181676655714315;2.15195926203387;1.39913364495505E-06;-0.393908056646905;0.00538776911647196;6.27477157311531;0.000312008627668696;-0.00137354954664159;1.37263949277478E-06;126699500;13.373173;52.5064907;114.108;71.911;1.658;-1
1900;126699.7;13.3731682513934;0.00439421859824974;52.5066501470909;0.0029296310309537;77.9534191730537;0.00183301133271017;2.15173018481343;1.40080227253395E-06;-0.382897114247026;0.00538780880768483;6.19692962020713;0.000311908256598919;-0.00130502877064841;1.37258765085706E-06;126699700;13.3731585;52.5065023;113.251;71.054;1.655;-1
1900;126699.9;13.3731581168688;0.00444221408868838;52.5066589703023;0.00285342559161382;77.9611905134314;0.00184944858026197;2.15115556681844;1.40256086981937E-06;-0.373791736142389;0.00538782671333431;6.12161602141291;0.000311928318330131;-0.00809644991677838;1.37254003733998E-06;126699900;13.3731462;52.5065133;112.99;70.793;1.649;-1
1900;126700.2;13.3731429124637;0.00451343514157244;52.5066722113699;0.00279196798847328;77.9727399791659;0.00187444587418951;2.15142053347052;1.40536931726765E-06;-0.387517253144457;0.00538775004888938;6.00832561622915;0.000311917366991798;0.00156760724124219;1.37247117948541E-06;126700200;13.3731273;52.5065292;111.952;69.755;1.653;-1
1900;126700.4;13.373132946904;0.00456124974870407;52.5066807651249;0.00271046100992551;77.9803592431262;0.00189132669703538;2.15188937140808;1.40733667573293E-06;-0.419151159675013;0.00538761309563749;5.92799520546291;0.000311885628961592;0.0021752171569583;1.37242395125138E-06;126700400;13.373117;52.5065374;112.05;69.853;1.655;-1
1900;126700.6;13.3731231076063;0.00460859449942163;52.5066893309265;0.00264733858172783;77.9879067920515;0.00190837216799289;2.14999672676261;1.40935967022115E-06;-0.464889130178043;0.00538768046927473;5.83988752730323;0.000311833104498506;-0.00190450732239842;1.37237837582192E-06;126700600;13.3731094;52.5065475;112.252;70.055;1.648;-1
1900;126700.8;13.3731134466883;0.00465618393244212;52.5066977582599;0.00261603889961382;77.9953768075948;0.00192557632921242;2.15014179412528;1.41142305658926E-06;-0.527343235237527;0.00538767074453617;5.74092174951227;0.000311772065765137;-0.000321574085633813;1.37233279187139E-06;126700800;13.3730987;52.5065599;111.448;69.251;1.627;-1
1900;126701;13.373103964439;0.00470381148235098;52.5067058998426;0.00254343469491984;78.0027627288162;0.00194293405170403;2.14943985021192;1.41351365016855E-06;-0.590493225206125;0.00538763934321131;5.62899165317994;0.000311714345558137;-0.00368199224373301;1.37228679435942E-06;126701000;13.3730879;52.5065724;110.742;68.545;1.609;-1
1900;126701.3;13.3730905590088;0.00479156383581209;52.5067176445236;0.00240696213418529;78.0136704251499;0.00196924924529053;2.14900826725629;1.41665626012064E-06;-0.673068165445594;0.00538760282386733;5.43945153449146;0.000311631169736221;-0.00427287701810078;1.3722203290928E-06;126701300;13.3730706;52.5065876;110.372;68.175;1.601;-1
1900;126701.5;13.3730816218267;0.00483480020571243;52.5067253764492;0.00238370929369049;78.020818964152;0.00198697361715929;2.14851525900196;1.41873741623424E-06;-0.742986982434858;0.00538778842531057;5.29843705572672;0.000311538300295495;-0.00031222803667384;1.37217577759639E-06;126701500;13.3730579;52.5065983;109.891;67.694;1.59;-1